playerID,yearID,gameNum,gameID,teamID,lgID,GP,startingPos
morrija02,1985,0,ALS198507160,DET,AL,1,1
fiskca01,1985,0,ALS198507160,CHA,AL,1,2
murraed02,1985,0,ALS198507160,BAL,AL,1,3
whitalo01,1985,0,ALS198507160,DET,AL,1,4
brettge01,1985,0,ALS198507160,KCA,AL,1,5
ripkeca01,1985,0,ALS198507160,BAL,AL,1,6
riceji01,1985,0,ALS198507160,BOS,AL,1,7
henderi01,1985,0,ALS198507160,NYA,AL,1,8
winfida01,1985,0,ALS198507160,NYA,AL,1,9
baineha01,1985,0,ALS198507160,CHA,AL,1,
blylebe01,1985,0,ALS198507160,CLE,AL,1,
boggswa01,1985,0,ALS198507160,BOS,AL,1,
bradlph01,1985,0,ALS198507160,SEA,AL,1,
brunato01,1985,0,ALS198507160,MIN,AL,1,
coopece01,1985,0,ALS198507160,MIL,AL,1,
garcida01,1985,0,ALS198507160,TOR,AL,1,
gedmari01,1985,0,ALS198507160,BOS,AL,1,
hernawi01,1985,0,ALS198507160,DET,AL,1,
howelja01,1985,0,ALS198507160,OAK,AL,0,
keyji01,1985,0,ALS198507160,TOR,AL,1,
mattido01,1985,0,ALS198507160,NYA,AL,1,
molitpa01,1985,0,ALS198507160,MIL,AL,1,
mooredo01,1985,0,ALS198507160,CAL,AL,1,
parrila02,1985,0,ALS198507160,DET,AL,0,
petryda01,1985,0,ALS198507160,DET,AL,1,
stiebda01,1985,0,ALS198507160,TOR,AL,1,
trammal01,1985,0,ALS198507160,DET,AL,1,
wardga01,1985,0,ALS198507160,TEX,AL,1,
whitter01,1985,0,ALS198507160,TOR,AL,1,
hoytla01,1985,0,ALS198507160,SDN,NL,1,1
kennete02,1985,0,ALS198507160,SDN,NL,1,2
garvest01,1985,0,ALS198507160,SDN,NL,1,3
herrto01,1985,0,ALS198507160,SLN,NL,1,4
nettlgr01,1985,0,ALS198507160,SDN,NL,1,5
smithoz01,1985,0,ALS198507160,SLN,NL,1,6
gwynnto01,1985,0,ALS198507160,SDN,NL,1,7
murphda05,1985,0,ALS198507160,ATL,NL,1,8
strawda01,1985,0,ALS198507160,NYN,NL,1,9
andujjo01,1985,0,ALS198507160,SLN,NL,0,
cartega01,1985,0,ALS198507160,NYN,NL,0,
clarkja01,1985,0,ALS198507160,SLN,NL,1,
cruzjo01,1985,0,ALS198507160,HOU,NL,1,
darliro01,1985,0,ALS198507160,NYN,NL,0,
garresc01,1985,0,ALS198507160,SFN,NL,0,
goodedw01,1985,0,ALS198507160,NYN,NL,0,
gossari01,1985,0,ALS198507160,SDN,NL,1,
guerrpe01,1985,0,ALS198507160,LAN,NL,0,
mcgeewi01,1985,0,ALS198507160,SLN,NL,1,
parkeda01,1985,0,ALS198507160,CIN,NL,1,
penato01,1985,0,ALS198507160,PIT,NL,1,
raineti01,1985,0,ALS198507160,MON,NL,1,
reardje01,1985,0,ALS198507160,MON,NL,1,
rosepe01,1985,0,ALS198507160,CIN,NL,1,
ryanno01,1985,0,ALS198507160,HOU,NL,1,
sandbry01,1985,0,ALS198507160,CHN,NL,1,
templga01,1985,0,ALS198507160,SDN,NL,1,
valenfe01,1985,0,ALS198507160,LAN,NL,1,
virgioz02,1985,0,ALS198507160,PHI,NL,1,
wallati01,1985,0,ALS198507160,MON,NL,1,
wilsogl01,1985,0,ALS198507160,PHI,NL,1,
clemero02,1986,0,NLS198607150,BOS,AL,1,1
parrila02,1986,0,NLS198607150,DET,AL,1,2
joynewa01,1986,0,NLS198607150,CAL,AL,1,3
whitalo01,1986,0,NLS198607150,DET,AL,1,4
boggswa01,1986,0,NLS198607150,BOS,AL,1,5
ripkeca01,1986,0,NLS198607150,BAL,AL,1,6
henderi01,1986,0,NLS198607150,NYA,AL,1,7
puckeki01,1986,0,NLS198607150,MIN,AL,1,8
winfida01,1986,0,NLS198607150,NYA,AL,1,9
aasedo01,1986,0,NLS198607150,BAL,AL,1,
baineha01,1986,0,NLS198607150,CHA,AL,1,
barfije01,1986,0,NLS198607150,TOR,AL,1,
brettge01,1986,0,NLS198607150,KCA,AL,0,
cansejo01,1986,0,NLS198607150,OAK,AL,0,
fernato01,1986,0,NLS198607150,TOR,AL,1,
gedmari01,1986,0,NLS198607150,BOS,AL,1,
hernawi01,1986,0,NLS198607150,DET,AL,0,
higuete01,1986,0,NLS198607150,MIL,AL,1,
houghch01,1986,0,NLS198607150,TEX,AL,1,
jacobbr01,1986,0,NLS198607150,CLE,AL,1,
mattido01,1986,0,NLS198607150,NYA,AL,1,
mosebll01,1986,0,NLS198607150,TOR,AL,1,
murraed02,1986,0,NLS198607150,BAL,AL,0,
preslji01,1986,0,NLS198607150,SEA,AL,0,
riceji01,1986,0,NLS198607150,BOS,AL,1,
righeda01,1986,0,NLS198607150,NYA,AL,1,
schroke01,1986,0,NLS198607150,CLE,AL,0,
whitefr01,1986,0,NLS198607150,KCA,AL,1,
wittmi01,1986,0,NLS198607150,CAL,AL,0,
goodedw01,1986,0,NLS198607150,NYN,NL,1,1
cartega01,1986,0,NLS198607150,NYN,NL,1,2
hernake01,1986,0,NLS198607150,NYN,NL,1,3
sandbry01,1986,0,NLS198607150,CHN,NL,1,4
schmimi01,1986,0,NLS198607150,PHI,NL,1,5
smithoz01,1986,0,NLS198607150,SLN,NL,1,6
gwynnto01,1986,0,NLS198607150,SDN,NL,1,7
murphda05,1986,0,NLS198607150,ATL,NL,1,8
strawda01,1986,0,NLS198607150,NYN,NL,1,9
basske01,1986,0,NLS198607150,HOU,NL,1,
brookhu01,1986,0,NLS198607150,MON,NL,1,
brownch02,1986,0,NLS198607150,SFN,NL,1,
davisch01,1986,0,NLS198607150,SFN,NL,1,
davisgl01,1986,0,NLS198607150,HOU,NL,1,
davisjo02,1986,0,NLS198607150,CHN,NL,1,
fernasi01,1986,0,NLS198607150,NYN,NL,1,
francjo01,1986,0,NLS198607150,CIN,NL,0,
krukomi01,1986,0,NLS198607150,SFN,NL,1,
parkeda01,1986,0,NLS198607150,CIN,NL,1,
penato01,1986,0,NLS198607150,PIT,NL,1,
raineti01,1986,0,NLS198607150,MON,NL,1,
rawlesh01,1986,0,NLS198607150,PHI,NL,0,
reardje01,1986,0,NLS198607150,MON,NL,0,
rhoderi01,1986,0,NLS198607150,PIT,NL,0,
saxst01,1986,0,NLS198607150,LAN,NL,1,
scottmi03,1986,0,NLS198607150,HOU,NL,1,
smithda02,1986,0,NLS198607150,HOU,NL,0,
valenfe01,1986,0,NLS198607150,LAN,NL,1,
saberbr01,1987,0,ALS198707140,KCA,AL,1,1
kennete02,1987,0,ALS198707140,BAL,AL,1,2
mattido01,1987,0,ALS198707140,NYA,AL,1,3
randowi01,1987,0,ALS198707140,NYA,AL,1,4
boggswa01,1987,0,ALS198707140,BOS,AL,1,5
ripkeca01,1987,0,ALS198707140,BAL,AL,1,6
bellge02,1987,0,ALS198707140,TOR,AL,1,7
henderi01,1987,0,ALS198707140,NYA,AL,1,8
winfida01,1987,0,ALS198707140,NYA,AL,1,9
baineha01,1987,0,ALS198707140,CHA,AL,1,
brettge01,1987,0,ALS198707140,KCA,AL,0,
evansdw01,1987,0,ALS198707140,BOS,AL,1,
fernato01,1987,0,ALS198707140,TOR,AL,1,
henketo01,1987,0,ALS198707140,TOR,AL,1,
howelja01,1987,0,ALS198707140,OAK,AL,1,
hurstbr01,1987,0,ALS198707140,BOS,AL,0,
langsma01,1987,0,ALS198707140,SEA,AL,1,
mcgwima01,1987,0,ALS198707140,OAK,AL,1,
morrija02,1987,0,ALS198707140,DET,AL,1,
nokesma01,1987,0,ALS198707140,DET,AL,1,
parrila01,1987,0,ALS198707140,TEX,AL,1,
plesada01,1987,0,ALS198707140,MIL,AL,1,
puckeki01,1987,0,ALS198707140,MIN,AL,1,
reynoha01,1987,0,ALS198707140,SEA,AL,1,
righeda01,1987,0,ALS198707140,NYA,AL,1,
seitzke01,1987,0,ALS198707140,KCA,AL,1,
tablepa01,1987,0,ALS198707140,CLE,AL,1,
trammal01,1987,0,ALS198707140,DET,AL,1,
whitalo01,1987,0,ALS198707140,DET,AL,0,
wittmi01,1987,0,ALS198707140,CAL,AL,0,
scottmi03,1987,0,ALS198707140,HOU,NL,1,1
cartega01,1987,0,ALS198707140,NYN,NL,1,2
clarkja01,1987,0,ALS198707140,SLN,NL,1,3
sandbry01,1987,0,ALS198707140,CHN,NL,1,4
schmimi01,1987,0,ALS198707140,PHI,NL,1,5
smithoz01,1987,0,ALS198707140,SLN,NL,1,6
daviser01,1987,0,ALS198707140,CIN,NL,1,7
dawsoan01,1987,0,ALS198707140,CHN,NL,1,8
strawda01,1987,0,ALS198707140,NYN,NL,1,9
bedrost01,1987,0,ALS198707140,PHI,NL,1,
brookhu01,1987,0,ALS198707140,MON,NL,1,
diazbo01,1987,0,ALS198707140,CIN,NL,1,
fernasi01,1987,0,ALS198707140,NYN,NL,1,
francjo01,1987,0,ALS198707140,CIN,NL,1,
guerrpe01,1987,0,ALS198707140,LAN,NL,1,
gwynnto01,1987,0,ALS198707140,SDN,NL,1,
hernake01,1987,0,ALS198707140,NYN,NL,1,
hershor01,1987,0,ALS198707140,LAN,NL,1,
leonaje01,1987,0,ALS198707140,SFN,NL,1,
mcgeewi01,1987,0,ALS198707140,SLN,NL,1,
murphda05,1987,0,ALS198707140,ATL,NL,1,
raineti01,1987,0,ALS198707140,MON,NL,1,
reuscri01,1987,0,ALS198707140,PIT,NL,1,
samueju01,1987,0,ALS198707140,PHI,NL,1,
smithle02,1987,0,ALS198707140,CHN,NL,1,
sutclri01,1987,0,ALS198707140,CHN,NL,1,
virgioz02,1987,0,ALS198707140,ATL,NL,1,
wallati01,1987,0,ALS198707140,MON,NL,1,
violafr01,1988,0,NLS198807120,MIN,AL,1,1
steinte01,1988,0,NLS198807120,OAK,AL,1,2
mcgwima01,1988,0,NLS198807120,OAK,AL,1,3
molitpa01,1988,0,NLS198807120,MIL,AL,1,4
boggswa01,1988,0,NLS198807120,BOS,AL,1,5
ripkeca01,1988,0,NLS198807120,BAL,AL,1,6
cansejo01,1988,0,NLS198807120,OAK,AL,1,7
henderi01,1988,0,NLS198807120,NYA,AL,1,8
winfida01,1988,0,NLS198807120,NYA,AL,1,9
alexado01,1988,0,NLS198807120,DET,AL,0,
brettge01,1988,0,NLS198807120,KCA,AL,1,
clemero02,1988,0,NLS198807120,BOS,AL,1,
eckerde01,1988,0,NLS198807120,OAK,AL,1,
gaettga01,1988,0,NLS198807120,MIN,AL,1,
greenmi01,1988,0,NLS198807120,BOS,AL,1,
gubicma01,1988,0,NLS198807120,KCA,AL,1,
guilloz01,1988,0,NLS198807120,CHA,AL,0,
jonesdo01,1988,0,NLS198807120,CLE,AL,1,
lansfca01,1988,0,NLS198807120,OAK,AL,1,
laudnti01,1988,0,NLS198807120,MIN,AL,1,
mattido01,1988,0,NLS198807120,NYA,AL,1,
plesada01,1988,0,NLS198807120,MIL,AL,1,
puckeki01,1988,0,NLS198807120,MIN,AL,1,
rayjo01,1988,0,NLS198807120,CAL,AL,1,
reardje01,1988,0,NLS198807120,MIN,AL,0,
reynoha01,1988,0,NLS198807120,SEA,AL,1,
russeje01,1988,0,NLS198807120,TEX,AL,1,
stiebda01,1988,0,NLS198807120,TOR,AL,1,
stillku01,1988,0,NLS198807120,KCA,AL,1,
trammal01,1988,0,NLS198807120,DET,AL,0,
goodedw01,1988,0,NLS198807120,NYN,NL,1,1
cartega01,1988,0,NLS198807120,NYN,NL,1,2
clarkwi02,1988,0,NLS198807120,SFN,NL,1,3
sandbry01,1988,0,NLS198807120,CHN,NL,1,4
bonilbo01,1988,0,NLS198807120,PIT,NL,1,5
smithoz01,1988,0,NLS198807120,SLN,NL,1,6
colemvi01,1988,0,NLS198807120,SLN,NL,1,7
dawsoan01,1988,0,NLS198807120,CHN,NL,1,8
strawda01,1988,0,NLS198807120,NYN,NL,1,9
coneda01,1988,0,NLS198807120,NYN,NL,1,
davisma01,1988,0,NLS198807120,SDN,NL,1,
dunstsh01,1988,0,NLS198807120,CHN,NL,0,
galaran01,1988,0,NLS198807120,MON,NL,1,
grosske01,1988,0,NLS198807120,PHI,NL,1,
hershor01,1988,0,NLS198807120,LAN,NL,1,
jacksda02,1988,0,NLS198807120,CIN,NL,0,
kneppbo01,1988,0,NLS198807120,HOU,NL,1,
larkiba01,1988,0,NLS198807120,CIN,NL,1,
lawva01,1988,0,NLS198807120,CHN,NL,1,
maddugr01,1988,0,NLS198807120,CHN,NL,0,
mcgeewi01,1988,0,NLS198807120,SLN,NL,1,
palmera01,1988,0,NLS198807120,CHN,NL,1,
parrila02,1988,0,NLS198807120,PHI,NL,1,
perryge01,1988,0,NLS198807120,ATL,NL,1,
saboch01,1988,0,NLS198807120,CIN,NL,1,
thompro01,1988,0,NLS198807120,SFN,NL,0,
vanslan01,1988,0,NLS198807120,PIT,NL,1,
walkbo01,1988,0,NLS198807120,PIT,NL,1,
worreto01,1988,0,NLS198807120,SLN,NL,1,
stewada01,1989,0,ALS198907110,OAK,AL,1,1
steinte01,1989,0,ALS198907110,OAK,AL,1,2
mcgwima01,1989,0,ALS198907110,OAK,AL,1,3
francju01,1989,0,ALS198907110,TEX,AL,1,4
boggswa01,1989,0,ALS198907110,BOS,AL,1,5
ripkeca01,1989,0,ALS198907110,BAL,AL,1,6
jacksbo01,1989,0,ALS198907110,KCA,AL,1,7
puckeki01,1989,0,ALS198907110,MIN,AL,1,8
sierrru01,1989,0,ALS198907110,TEX,AL,1,9
baineha01,1989,0,ALS198907110,CHA,AL,1,10
cansejo01,1989,0,ALS198907110,OAK,AL,0,
fernato01,1989,0,ALS198907110,TOR,AL,1,
finlech01,1989,0,ALS198907110,CAL,AL,0,
gaettga01,1989,0,ALS198907110,MIN,AL,1,
greenmi01,1989,0,ALS198907110,BOS,AL,1,
grubeke01,1989,0,ALS198907110,TOR,AL,0,
gubicma01,1989,0,ALS198907110,KCA,AL,1,
hennemi01,1989,0,ALS198907110,DET,AL,0,
jonesdo01,1989,0,ALS198907110,CLE,AL,1,
leonaje01,1989,0,ALS198907110,SEA,AL,1,
mattido01,1989,0,ALS198907110,NYA,AL,1,
mooremi01,1989,0,ALS198907110,OAK,AL,1,
plesada01,1989,0,ALS198907110,MIL,AL,1,
russeje01,1989,0,ALS198907110,TEX,AL,1,
ryanno01,1989,0,ALS198907110,TEX,AL,1,
saxst01,1989,0,ALS198907110,NYA,AL,1,
swindgr01,1989,0,ALS198907110,CLE,AL,1,
tettlmi01,1989,0,ALS198907110,BAL,AL,1,
whitede03,1989,0,ALS198907110,CAL,AL,1,
reuscri01,1989,0,ALS198907110,SFN,NL,1,1
santibe01,1989,0,ALS198907110,SDN,NL,1,2
clarkwi02,1989,0,ALS198907110,SFN,NL,1,3
sandbry01,1989,0,ALS198907110,CHN,NL,1,4
johnsho01,1989,0,ALS198907110,NYN,NL,1,5
smithoz01,1989,0,ALS198907110,SLN,NL,1,6
mitchke01,1989,0,ALS198907110,SFN,NL,1,7
daviser01,1989,0,ALS198907110,CIN,NL,1,8
gwynnto01,1989,0,ALS198907110,SDN,NL,1,9
guerrpe01,1989,0,ALS198907110,SLN,NL,1,10
bonilbo01,1989,0,ALS198907110,PIT,NL,1,
burketi01,1989,0,ALS198907110,MON,NL,1,
colemvi01,1989,0,ALS198907110,SLN,NL,1,
davisgl01,1989,0,ALS198907110,HOU,NL,1,
davisma01,1989,0,ALS198907110,SDN,NL,1,
dawsoan01,1989,0,ALS198907110,CHN,NL,1,
francjo01,1989,0,ALS198907110,CIN,NL,0,
hayesvo01,1989,0,ALS198907110,PHI,NL,1,
hershor01,1989,0,ALS198907110,LAN,NL,0,
howelja01,1989,0,ALS198907110,LAN,NL,1,
larkiba01,1989,0,ALS198907110,CIN,NL,0,
penato01,1989,0,ALS198907110,SLN,NL,1,
randowi01,1989,0,ALS198907110,LAN,NL,1,
schmimi01,1989,0,ALS198907110,PHI,NL,0,
sciosmi01,1989,0,ALS198907110,LAN,NL,1,
scottmi03,1989,0,ALS198907110,HOU,NL,0,
smoltjo01,1989,0,ALS198907110,ATL,NL,1,
strawda01,1989,0,ALS198907110,NYN,NL,0,
sutclri01,1989,0,ALS198907110,CHN,NL,1,
wallati01,1989,0,ALS198907110,MON,NL,1,
willimi02,1989,0,ALS198907110,CHN,NL,1,
welchbo01,1990,0,NLS199007100,OAK,AL,1,1
alomasa02,1990,0,NLS199007100,CLE,AL,1,2
mcgwima01,1990,0,NLS199007100,OAK,AL,1,3
saxst01,1990,0,NLS199007100,NYA,AL,1,4
boggswa01,1990,0,NLS199007100,BOS,AL,1,5
ripkeca01,1990,0,NLS199007100,BAL,AL,1,6
henderi01,1990,0,NLS199007100,OAK,AL,1,7
griffke02,1990,0,NLS199007100,SEA,AL,1,8
cansejo01,1990,0,NLS199007100,OAK,AL,1,9
bellge02,1990,0,NLS199007100,TOR,AL,1,
burksel01,1990,0,NLS199007100,BOS,AL,0,
clemero02,1990,0,NLS199007100,BOS,AL,0,
eckerde01,1990,0,NLS199007100,OAK,AL,1,
fieldce01,1990,0,NLS199007100,DET,AL,1,
finlech01,1990,0,NLS199007100,CAL,AL,1,
francju01,1990,0,NLS199007100,TEX,AL,1,
grubeke01,1990,0,NLS199007100,TOR,AL,1,
guilloz01,1990,0,NLS199007100,CHA,AL,1,
jacobbr01,1990,0,NLS199007100,CLE,AL,1,
johnsra05,1990,0,NLS199007100,SEA,AL,0,
jonesdo01,1990,0,NLS199007100,CLE,AL,0,
olsongr01,1990,0,NLS199007100,BAL,AL,0,
parkeda01,1990,0,NLS199007100,MIL,AL,0,
parrila02,1990,0,NLS199007100,CAL,AL,1,
puckeki01,1990,0,NLS199007100,MIN,AL,1,
saberbr01,1990,0,NLS199007100,KCA,AL,1,
stiebda01,1990,0,NLS199007100,TOR,AL,1,
thigpbo01,1990,0,NLS199007100,CHA,AL,1,
trammal01,1990,0,NLS199007100,DET,AL,1,
armstja01,1990,0,NLS199007100,CIN,NL,1,1
sciosmi01,1990,0,NLS199007100,LAN,NL,1,2
clarkwi02,1990,0,NLS199007100,SFN,NL,1,3
sandbry01,1990,0,NLS199007100,CHN,NL,1,4
saboch01,1990,0,NLS199007100,CIN,NL,1,5
smithoz01,1990,0,NLS199007100,SLN,NL,1,6
mitchke01,1990,0,NLS199007100,SFN,NL,1,7
dykstle01,1990,0,NLS199007100,PHI,NL,1,8
dawsoan01,1990,0,NLS199007100,CHN,NL,1,9
alomaro01,1990,0,NLS199007100,SDN,NL,1,
bondsba01,1990,0,NLS199007100,PIT,NL,1,
bonilbo01,1990,0,NLS199007100,PIT,NL,1,
brantje01,1990,0,NLS199007100,SFN,NL,1,
dibblro01,1990,0,NLS199007100,CIN,NL,1,
dunstsh01,1990,0,NLS199007100,CHN,NL,1,
francjo01,1990,0,NLS199007100,NYN,NL,1,
gwynnto01,1990,0,NLS199007100,SDN,NL,1,
heatone01,1990,0,NLS199007100,PIT,NL,0,
larkiba01,1990,0,NLS199007100,CIN,NL,1,
martide01,1990,0,NLS199007100,MON,NL,1,
martira02,1990,0,NLS199007100,LAN,NL,1,
myersra01,1990,0,NLS199007100,CIN,NL,1,
olsongr02,1990,0,NLS199007100,ATL,NL,1,
santibe01,1990,0,NLS199007100,SDN,NL,0,
smithda02,1990,0,NLS199007100,HOU,NL,1,
strawda01,1990,0,NLS199007100,NYN,NL,1,
violafr01,1990,0,NLS199007100,NYN,NL,1,
wallati01,1990,0,NLS199007100,MON,NL,1,
willima04,1990,0,NLS199007100,SFN,NL,1,
morrija02,1991,0,ALS199107090,MIN,AL,1,1
alomasa02,1991,0,ALS199107090,CLE,AL,1,2
fieldce01,1991,0,ALS199107090,DET,AL,1,3
alomaro01,1991,0,ALS199107090,TOR,AL,1,4
boggswa01,1991,0,ALS199107090,BOS,AL,1,5
ripkeca01,1991,0,ALS199107090,BAL,AL,1,6
henderi01,1991,0,ALS199107090,OAK,AL,1,7
griffke02,1991,0,ALS199107090,SEA,AL,1,8
hendeda01,1991,0,ALS199107090,OAK,AL,1,9
tartada01,1991,0,ALS199107090,KCA,AL,1,10
aguilri01,1991,0,ALS199107090,MIN,AL,1,
baineha01,1991,0,ALS199107090,OAK,AL,1,
cartejo01,1991,0,ALS199107090,TOR,AL,1,
clemero02,1991,0,ALS199107090,BOS,AL,1,
eckerde01,1991,0,ALS199107090,OAK,AL,1,
fiskca01,1991,0,ALS199107090,CHA,AL,1,
francju01,1991,0,ALS199107090,TEX,AL,0,
guilloz01,1991,0,ALS199107090,CHA,AL,1,
harvebr01,1991,0,ALS199107090,CAL,AL,0,
keyji01,1991,0,ALS199107090,TOR,AL,1,
langsma01,1991,0,ALS199107090,CAL,AL,0,
mcdowja01,1991,0,ALS199107090,CHA,AL,1,
mcgwima01,1991,0,ALS199107090,OAK,AL,0,
molitpa01,1991,0,ALS199107090,MIL,AL,1,
palmera01,1991,0,ALS199107090,TEX,AL,1,
puckeki01,1991,0,ALS199107090,MIN,AL,1,
reardje01,1991,0,ALS199107090,BOS,AL,1,
sandesc01,1991,0,ALS199107090,NYA,AL,0,
sierrru01,1991,0,ALS199107090,TEX,AL,1,
glavito02,1991,0,ALS199107090,ATL,NL,1,1
santibe01,1991,0,ALS199107090,SDN,NL,1,2
clarkwi02,1991,0,ALS199107090,SFN,NL,1,3
sandbry01,1991,0,ALS199107090,CHN,NL,1,4
saboch01,1991,0,ALS199107090,CIN,NL,1,5
smithoz01,1991,0,ALS199107090,SLN,NL,1,6
caldeiv01,1991,0,ALS199107090,MON,NL,1,7
gwynnto01,1991,0,ALS199107090,SDN,NL,1,8
dawsoan01,1991,0,ALS199107090,CHN,NL,1,9
bonilbo01,1991,0,ALS199107090,PIT,NL,1,10
bellge02,1991,0,ALS199107090,CHN,NL,1,
biggicr01,1991,0,ALS199107090,HOU,NL,1,
brownto05,1991,0,ALS199107090,CIN,NL,0,
butlebr01,1991,0,ALS199107090,LAN,NL,1,
dibblro01,1991,0,ALS199107090,CIN,NL,1,
harnipe01,1991,0,ALS199107090,HOU,NL,1,
johnsho01,1991,0,ALS199107090,NYN,NL,1,
josefe01,1991,0,ALS199107090,SLN,NL,1,
krukjo01,1991,0,ALS199107090,PHI,NL,0,
larkiba01,1991,0,ALS199107090,CIN,NL,1,
martide01,1991,0,ALS199107090,MON,NL,1,
martira02,1991,0,ALS199107090,LAN,NL,0,
morgami01,1991,0,ALS199107090,LAN,NL,1,
murraed02,1991,0,ALS199107090,LAN,NL,1,
oneilpa01,1991,0,ALS199107090,CIN,NL,1,
samueju01,1991,0,ALS199107090,LAN,NL,1,
smilejo01,1991,0,ALS199107090,PIT,NL,1,
smithle02,1991,0,ALS199107090,SLN,NL,0,
strawda01,1991,0,ALS199107090,LAN,NL,0,
violafr01,1991,0,ALS199107090,NYN,NL,1,
brownke01,1992,0,NLS199207140,TEX,AL,1,1
alomasa02,1992,0,NLS199207140,CLE,AL,1,2
mcgwima01,1992,0,NLS199207140,OAK,AL,1,3
alomaro01,1992,0,NLS199207140,TOR,AL,1,4
boggswa01,1992,0,NLS199207140,BOS,AL,1,5
ripkeca01,1992,0,NLS199207140,BAL,AL,1,6
puckeki01,1992,0,NLS199207140,MIN,AL,1,7
griffke02,1992,0,NLS199207140,SEA,AL,1,8
cartejo01,1992,0,NLS199207140,TOR,AL,1,9
aguilri01,1992,0,NLS199207140,MIN,AL,1,
anderbr01,1992,0,NLS199207140,BAL,AL,1,
baergca01,1992,0,NLS199207140,CLE,AL,1,
cansejo01,1992,0,NLS199207140,OAK,AL,0,
clemero02,1992,0,NLS199207140,BOS,AL,1,
eckerde01,1992,0,NLS199207140,OAK,AL,1,
frymatr01,1992,0,NLS199207140,DET,AL,1,
guzmaju01,1992,0,NLS199207140,TOR,AL,1,
kellyro01,1992,0,NLS199207140,NYA,AL,1,
knoblch01,1992,0,NLS199207140,MIN,AL,1,
langsma01,1992,0,NLS199207140,CAL,AL,1,
martied01,1992,0,NLS199207140,SEA,AL,1,
mcdowja01,1992,0,NLS199207140,CHA,AL,1,
molitpa01,1992,0,NLS199207140,MIL,AL,1,
montgje01,1992,0,NLS199207140,KCA,AL,1,
mussimi01,1992,0,NLS199207140,BAL,AL,1,
nagych01,1992,0,NLS199207140,CLE,AL,1,
rodriiv01,1992,0,NLS199207140,TEX,AL,1,
sierrru01,1992,0,NLS199207140,TEX,AL,1,
venturo01,1992,0,NLS199207140,CHA,AL,1,
glavito02,1992,0,NLS199207140,ATL,NL,1,1
santibe01,1992,0,NLS199207140,SDN,NL,1,2
mcgrifr01,1992,0,NLS199207140,SDN,NL,1,3
sandbry01,1992,0,NLS199207140,CHN,NL,1,4
pendlte01,1992,0,NLS199207140,ATL,NL,1,5
smithoz01,1992,0,NLS199207140,SLN,NL,1,6
bondsba01,1992,0,NLS199207140,PIT,NL,1,7
vanslan01,1992,0,NLS199207140,PIT,NL,1,8
gwynnto01,1992,0,NLS199207140,SDN,NL,1,9
biggicr01,1992,0,NLS199207140,HOU,NL,1,
charlno01,1992,0,NLS199207140,CIN,NL,1,
clarkwi02,1992,0,NLS199207140,SFN,NL,1,
coneda01,1992,0,NLS199207140,NYN,NL,1,
daultda01,1992,0,NLS199207140,PHI,NL,1,
fernato01,1992,0,NLS199207140,SDN,NL,1,
gantro01,1992,0,NLS199207140,ATL,NL,1,
jonesdo01,1992,0,NLS199207140,HOU,NL,1,
krukjo01,1992,0,NLS199207140,PHI,NL,1,
maddugr01,1992,0,NLS199207140,CHN,NL,1,
martide01,1992,0,NLS199207140,MON,NL,1,
pagnoto01,1992,0,NLS199207140,SLN,NL,1,
roberbi01,1992,0,NLS199207140,CIN,NL,1,
sharpmi01,1992,0,NLS199207140,LAN,NL,1,
sheffga01,1992,0,NLS199207140,SDN,NL,1,
smithle02,1992,0,NLS199207140,SLN,NL,0,
smoltjo01,1992,0,NLS199207140,ATL,NL,1,
tewksbo01,1992,0,NLS199207140,SLN,NL,1,
walkela01,1992,0,NLS199207140,MON,NL,1,
langsma01,1993,0,ALS199307130,CAL,AL,1,1
rodriiv01,1993,0,ALS199307130,TEX,AL,1,2
olerujo01,1993,0,ALS199307130,TOR,AL,1,3
alomaro01,1993,0,ALS199307130,TOR,AL,1,4
boggswa01,1993,0,ALS199307130,NYA,AL,1,5
ripkeca01,1993,0,ALS199307130,BAL,AL,1,6
puckeki01,1993,0,ALS199307130,MIN,AL,1,7
griffke02,1993,0,ALS199307130,SEA,AL,1,8
cartejo01,1993,0,ALS199307130,TOR,AL,1,9
molitpa01,1993,0,ALS199307130,TOR,AL,1,10
aguilri01,1993,0,ALS199307130,MIN,AL,1,
baergca01,1993,0,ALS199307130,CLE,AL,1,
belleal01,1993,0,ALS199307130,CLE,AL,1,
coopesc01,1993,0,ALS199307130,BOS,AL,1,
fieldce01,1993,0,ALS199307130,DET,AL,1,
frymatr01,1993,0,ALS199307130,DET,AL,1,
gonzaju03,1993,0,ALS199307130,TEX,AL,1,
hentgpa01,1993,0,ALS199307130,TOR,AL,0,
johnsra05,1993,0,ALS199307130,SEA,AL,1,
keyji01,1993,0,ALS199307130,NYA,AL,1,
mcdowja01,1993,0,ALS199307130,CHA,AL,1,
montgje01,1993,0,ALS199307130,KCA,AL,1,
mussimi01,1993,0,ALS199307130,BAL,AL,0,
steinte01,1993,0,ALS199307130,OAK,AL,1,
thomafr04,1993,0,ALS199307130,CHA,AL,1,
vaughgr01,1993,0,ALS199307130,MIL,AL,1,
warddu01,1993,0,ALS199307130,TOR,AL,1,
whitede03,1993,0,ALS199307130,TOR,AL,1,
mulhote01,1993,0,ALS199307130,PHI,NL,1,1
daultda01,1993,0,ALS199307130,PHI,NL,1,2
krukjo01,1993,0,ALS199307130,PHI,NL,1,3
sandbry01,1993,0,ALS199307130,CHN,NL,1,4
sheffga01,1993,0,ALS199307130,FLO,NL,1,5
larkiba01,1993,0,ALS199307130,CIN,NL,1,6
bondsba01,1993,0,ALS199307130,SFN,NL,1,7
grissma02,1993,0,ALS199307130,MON,NL,1,8
justida01,1993,0,ALS199307130,ATL,NL,1,9
gracema01,1993,0,ALS199307130,CHN,NL,1,10
averyst01,1993,0,ALS199307130,ATL,NL,1,
beckro01,1993,0,ALS199307130,SFN,NL,1,
bellja01,1993,0,ALS199307130,PIT,NL,1,
benesan01,1993,0,ALS199307130,SDN,NL,1,
blausje01,1993,0,ALS199307130,ATL,NL,1,
bonilbo01,1993,0,ALS199307130,NYN,NL,1,
burkejo03,1993,0,ALS199307130,SFN,NL,1,
galaran01,1993,0,ALS199307130,COL,NL,1,
glavito02,1993,0,ALS199307130,ATL,NL,0,
gwynnto01,1993,0,ALS199307130,SDN,NL,1,
harvebr01,1993,0,ALS199307130,FLO,NL,1,
hollida01,1993,0,ALS199307130,PHI,NL,1,
jeffegr01,1993,0,ALS199307130,SLN,NL,1,
kellyro01,1993,0,ALS199307130,CIN,NL,1,
kileda01,1993,0,ALS199307130,HOU,NL,0,
piazzmi01,1993,0,ALS199307130,LAN,NL,1,
smithle02,1993,0,ALS199307130,SLN,NL,0,
smoltjo01,1993,0,ALS199307130,ATL,NL,1,
thompro01,1993,0,ALS199307130,SFN,NL,0,
vanslan01,1993,0,ALS199307130,PIT,NL,0,
keyji01,1994,0,NLS199407120,NYA,AL,1,1
rodriiv01,1994,0,NLS199407120,TEX,AL,1,2
thomafr04,1994,0,NLS199407120,CHA,AL,1,3
alomaro01,1994,0,NLS199407120,TOR,AL,1,4
boggswa01,1994,0,NLS199407120,NYA,AL,1,5
ripkeca01,1994,0,NLS199407120,BAL,AL,1,6
cartejo01,1994,0,NLS199407120,TOR,AL,1,7
griffke02,1994,0,NLS199407120,SEA,AL,1,8
puckeki01,1994,0,NLS199407120,MIN,AL,1,9
alvarwi01,1994,0,NLS199407120,CHA,AL,1,
belleal01,1994,0,NLS199407120,CLE,AL,1,
bereja01,1994,0,NLS199407120,CHA,AL,1,
bonesri01,1994,0,NLS199407120,MIL,AL,0,
clarkwi02,1994,0,NLS199407120,TEX,AL,1,
coneda01,1994,0,NLS199407120,KCA,AL,1,
coopesc01,1994,0,NLS199407120,BOS,AL,1,
davisch01,1994,0,NLS199407120,CAL,AL,1,
frymatr01,1994,0,NLS199407120,DET,AL,1,
hentgpa01,1994,0,NLS199407120,TOR,AL,1,
johnsra05,1994,0,NLS199407120,SEA,AL,1,
knoblch01,1994,0,NLS199407120,MIN,AL,1,
loftoke01,1994,0,NLS199407120,CLE,AL,1,
molitpa01,1994,0,NLS199407120,TOR,AL,1,
mussimi01,1994,0,NLS199407120,BAL,AL,1,
oneilpa01,1994,0,NLS199407120,NYA,AL,1,
sierrru01,1994,0,NLS199407120,OAK,AL,1,
smithle02,1994,0,NLS199407120,BAL,AL,1,
tettlmi01,1994,0,NLS199407120,DET,AL,1,
maddugr01,1994,0,NLS199407120,ATL,NL,1,1
piazzmi01,1994,0,NLS199407120,LAN,NL,1,2
jeffegr01,1994,0,NLS199407120,SLN,NL,1,3
duncama01,1994,0,NLS199407120,PHI,NL,1,4
willima04,1994,0,NLS199407120,SFN,NL,1,5
smithoz01,1994,0,NLS199407120,SLN,NL,1,6
bondsba01,1994,0,NLS199407120,SFN,NL,1,7
gwynnto01,1994,0,NLS199407120,SDN,NL,1,8
justida01,1994,0,NLS199407120,ATL,NL,1,9
aloumo01,1994,0,NLS199407120,MON,NL,1,
bagweje01,1994,0,NLS199407120,HOU,NL,1,
beckro01,1994,0,NLS199407120,SFN,NL,1,
bicheda01,1994,0,NLS199407120,COL,NL,1,
biggicr01,1994,0,NLS199407120,HOU,NL,1,
caminke01,1994,0,NLS199407120,HOU,NL,1,
coninje01,1994,0,NLS199407120,FLO,NL,0,
cordewi01,1994,0,NLS199407120,MON,NL,1,
drabedo01,1994,0,NLS199407120,HOU,NL,1,
dykstle01,1994,0,NLS199407120,PHI,NL,0,
fletcda01,1994,0,NLS199407120,MON,NL,1,
garcica01,1994,0,NLS199407120,PIT,NL,1,
grissma02,1994,0,NLS199407120,MON,NL,1,
hillke01,1994,0,NLS199407120,MON,NL,1,
hudekjo01,1994,0,NLS199407120,HOU,NL,1,
jacksda02,1994,0,NLS199407120,PHI,NL,1,
jonesdo01,1994,0,NLS199407120,PHI,NL,1,
larkiba01,1994,0,NLS199407120,CIN,NL,0,
mcgrifr01,1994,0,NLS199407120,ATL,NL,1,
myersra01,1994,0,NLS199407120,CHN,NL,1,
rijojo01,1994,0,NLS199407120,CIN,NL,0,
saberbr01,1994,0,NLS199407120,NYN,NL,0,
johnsra05,1995,0,ALS199507110,SEA,AL,1,1
rodriiv01,1995,0,ALS199507110,TEX,AL,1,2
thomafr04,1995,0,ALS199507110,CHA,AL,1,3
baergca01,1995,0,ALS199507110,CLE,AL,1,4
boggswa01,1995,0,ALS199507110,NYA,AL,1,5
ripkeca01,1995,0,ALS199507110,BAL,AL,1,6
belleal01,1995,0,ALS199507110,CLE,AL,1,7
loftoke01,1995,0,ALS199507110,CLE,AL,1,8
puckeki01,1995,0,ALS199507110,MIN,AL,1,9
martied01,1995,0,ALS199507110,SEA,AL,1,10
alomaro01,1995,0,ALS199507110,TOR,AL,1,
appieke01,1995,0,ALS199507110,KCA,AL,1,
disarga01,1995,0,ALS199507110,CAL,AL,1,
edmonji01,1995,0,ALS199507110,CAL,AL,1,
finlech01,1995,0,ALS199507110,CAL,AL,0,
griffke02,1995,0,ALS199507110,SEA,AL,0,
hansoer01,1995,0,ALS199507110,BOS,AL,0,
martide01,1995,0,ALS199507110,CLE,AL,1,
martiti02,1995,0,ALS199507110,SEA,AL,1,
mcgwima01,1995,0,ALS199507110,OAK,AL,0,
mesajo01,1995,0,ALS199507110,CLE,AL,1,
oneilpa01,1995,0,ALS199507110,NYA,AL,1,
ontivst02,1995,0,ALS199507110,OAK,AL,1,
ramirma02,1995,0,ALS199507110,CLE,AL,1,
rogerke01,1995,0,ALS199507110,TEX,AL,1,
seitzke01,1995,0,ALS199507110,MIL,AL,1,
smithle02,1995,0,ALS199507110,CAL,AL,0,
stanlmi02,1995,0,ALS199507110,NYA,AL,1,
vaughmo01,1995,0,ALS199507110,BOS,AL,1,
wellsda01,1995,0,ALS199507110,DET,AL,1,
nomohi01,1995,0,ALS199507110,LAN,NL,1,1
piazzmi01,1995,0,ALS199507110,LAN,NL,1,2
mcgrifr01,1995,0,ALS199507110,ATL,NL,1,3
biggicr01,1995,0,ALS199507110,HOU,NL,1,4
castivi02,1995,0,ALS199507110,COL,NL,1,5
larkiba01,1995,0,ALS199507110,CIN,NL,1,6
bondsba01,1995,0,ALS199507110,SFN,NL,1,7
dykstle01,1995,0,ALS199507110,PHI,NL,1,8
gwynnto01,1995,0,ALS199507110,SDN,NL,1,9
gantro01,1995,0,ALS199507110,CIN,NL,1,10
bicheda01,1995,0,ALS199507110,COL,NL,1,
bonilbo01,1995,0,ALS199507110,NYN,NL,1,
coninje01,1995,0,ALS199507110,FLO,NL,1,
daultda01,1995,0,ALS199507110,PHI,NL,1,
gracema01,1995,0,ALS199507110,CHN,NL,1,
greenty01,1995,0,ALS199507110,PHI,NL,1,
henketo01,1995,0,ALS199507110,SLN,NL,1,
maddugr01,1995,0,ALS199507110,ATL,NL,0,
mondera01,1995,0,ALS199507110,LAN,NL,1,
moranmi01,1995,0,ALS199507110,PHI,NL,1,
myersra01,1995,0,ALS199507110,CHN,NL,1,
neaglde01,1995,0,ALS199507110,PIT,NL,1,
offerjo01,1995,0,ALS199507110,LAN,NL,1,
perezca01,1995,0,ALS199507110,MON,NL,1,
sandere02,1995,0,ALS199507110,CIN,NL,1,
slocuhe01,1995,0,ALS199507110,PHI,NL,1,
smilejo01,1995,0,ALS199507110,CIN,NL,1,
smithoz01,1995,0,ALS199507110,SLN,NL,0,
sosasa01,1995,0,ALS199507110,CHN,NL,1,
willima04,1995,0,ALS199507110,SFN,NL,0,
worreto01,1995,0,ALS199507110,LAN,NL,0,
nagych01,1996,0,NLS199607090,CLE,AL,1,1
rodriiv01,1996,0,NLS199607090,TEX,AL,1,2
vaughmo01,1996,0,NLS199607090,BOS,AL,1,3
alomaro01,1996,0,NLS199607090,BAL,AL,1,4
boggswa01,1996,0,NLS199607090,NYA,AL,1,5
ripkeca01,1996,0,NLS199607090,BAL,AL,1,6
belleal01,1996,0,NLS199607090,CLE,AL,1,7
loftoke01,1996,0,NLS199607090,CLE,AL,1,8
anderbr01,1996,0,NLS199607090,BAL,AL,1,9
alomasa02,1996,0,NLS199607090,CLE,AL,1,
buhneja01,1996,0,NLS199607090,SEA,AL,1,
cartejo01,1996,0,NLS199607090,TOR,AL,1,
finlech01,1996,0,NLS199607090,CAL,AL,1,
frymatr01,1996,0,NLS199607090,DET,AL,1,
griffke02,1996,0,NLS199607090,SEA,AL,0,
hernaro01,1996,0,NLS199607090,CHA,AL,1,
knoblch01,1996,0,NLS199607090,MIN,AL,1,
martied01,1996,0,NLS199607090,SEA,AL,1,
mcgwima01,1996,0,NLS199607090,OAK,AL,1,
mesajo01,1996,0,NLS199607090,CLE,AL,0,
montgje01,1996,0,NLS199607090,KCA,AL,0,
pavliro01,1996,0,NLS199607090,TEX,AL,1,
percitr01,1996,0,NLS199607090,CAL,AL,1,
pettian01,1996,0,NLS199607090,NYA,AL,0,
rodrial01,1996,0,NLS199607090,SEA,AL,1,
thomafr04,1996,0,NLS199607090,CHA,AL,0,
vaughgr01,1996,0,NLS199607090,MIL,AL,0,
wettejo01,1996,0,NLS199607090,NYA,AL,0,
wilsoda01,1996,0,NLS199607090,SEA,AL,1,
smoltjo01,1996,0,NLS199607090,ATL,NL,1,1
piazzmi01,1996,0,NLS199607090,LAN,NL,1,2
mcgrifr01,1996,0,NLS199607090,ATL,NL,1,3
biggicr01,1996,0,NLS199607090,HOU,NL,1,4
jonesch06,1996,0,NLS199607090,ATL,NL,1,5
larkiba01,1996,0,NLS199607090,CIN,NL,1,6
bondsba01,1996,0,NLS199607090,SFN,NL,1,7
johnsla03,1996,0,NLS199607090,NYN,NL,1,8
bicheda01,1996,0,NLS199607090,COL,NL,1,9
bagweje01,1996,0,NLS199607090,HOU,NL,1,
bottari01,1996,0,NLS199607090,PHI,NL,1,
brownke01,1996,0,NLS199607090,FLO,NL,1,
burksel01,1996,0,NLS199607090,COL,NL,1,
caminke01,1996,0,NLS199607090,SDN,NL,1,
glavito02,1996,0,NLS199607090,ATL,NL,1,
grudzma01,1996,0,NLS199607090,MON,NL,1,
gwynnto01,1996,0,NLS199607090,SDN,NL,0,
hundlto01,1996,0,NLS199607090,NYN,NL,1,
kendaja01,1996,0,NLS199607090,PIT,NL,1,
leiteal01,1996,0,NLS199607090,FLO,NL,1,
maddugr01,1996,0,NLS199607090,ATL,NL,0,
martipe02,1996,0,NLS199607090,MON,NL,1,
rodrihe02,1996,0,NLS199607090,MON,NL,1,
sheffga01,1996,0,NLS199607090,FLO,NL,1,
smithoz01,1996,0,NLS199607090,SLN,NL,1,
trachst01,1996,0,NLS199607090,CHN,NL,1,
willima04,1996,0,NLS199607090,SFN,NL,0,
wohlema01,1996,0,NLS199607090,ATL,NL,1,
worreto01,1996,0,NLS199607090,LAN,NL,1,
younger01,1996,0,NLS199607090,COL,NL,1,
johnsra05,1997,0,ALS199707080,SEA,AL,1,1
rodriiv01,1997,0,ALS199707080,TEX,AL,1,2
martiti02,1997,0,ALS199707080,NYA,AL,1,3
alomaro01,1997,0,ALS199707080,BAL,AL,1,4
ripkeca01,1997,0,ALS199707080,BAL,AL,1,5
rodrial01,1997,0,ALS199707080,SEA,AL,1,6
anderbr01,1997,0,ALS199707080,BAL,AL,1,7
griffke02,1997,0,ALS199707080,SEA,AL,1,8
oneilpa01,1997,0,ALS199707080,NYA,AL,1,9
martied01,1997,0,ALS199707080,SEA,AL,1,10
alomasa02,1997,0,ALS199707080,CLE,AL,1,
belleal01,1997,0,ALS199707080,CHA,AL,0,
cirilje01,1997,0,ALS199707080,MIL,AL,1,
clemero02,1997,0,ALS199707080,TOR,AL,1,
coneda01,1997,0,ALS199707080,NYA,AL,1,
corajo01,1997,0,ALS199707080,SEA,AL,1,
dicksja01,1997,0,ALS199707080,LAA,AL,0,
garcino01,1997,0,ALS199707080,BOS,AL,1,
hentgpa01,1997,0,ALS199707080,TOR,AL,1,
justida01,1997,0,ALS199707080,CLE,AL,0,
knoblch01,1997,0,ALS199707080,MIN,AL,1,
mcgwima01,1997,0,ALS199707080,OAK,AL,1,
mussimi01,1997,0,ALS199707080,BAL,AL,0,
myersra01,1997,0,ALS199707080,BAL,AL,1,
riverma01,1997,0,ALS199707080,NYA,AL,1,
rosadjo01,1997,0,ALS199707080,KCA,AL,1,
thomafr04,1997,0,ALS199707080,CHA,AL,0,
thomeji01,1997,0,ALS199707080,CLE,AL,1,
thompju02,1997,0,ALS199707080,DET,AL,1,
willibe02,1997,0,ALS199707080,NYA,AL,1,
maddugr01,1997,0,ALS199707080,ATL,NL,1,1
piazzmi01,1997,0,ALS199707080,LAN,NL,1,2
bagweje01,1997,0,ALS199707080,HOU,NL,1,3
biggicr01,1997,0,ALS199707080,HOU,NL,1,4
caminke01,1997,0,ALS199707080,SDN,NL,1,5
blausje01,1997,0,ALS199707080,ATL,NL,1,6
bondsba01,1997,0,ALS199707080,SFN,NL,1,7
lankfra01,1997,0,ALS199707080,SLN,NL,1,8
walkela01,1997,0,ALS199707080,COL,NL,1,9
gwynnto01,1997,0,ALS199707080,SDN,NL,1,10
aloumo01,1997,0,ALS199707080,FLO,NL,1,
beckro01,1997,0,ALS199707080,SFN,NL,0,
brownke01,1997,0,ALS199707080,FLO,NL,1,
claytro01,1997,0,ALS199707080,SLN,NL,1,
estessh01,1997,0,ALS199707080,SFN,NL,1,
finlest01,1997,0,ALS199707080,SDN,NL,1,
galaran01,1997,0,ALS199707080,COL,NL,1,
glavito02,1997,0,ALS199707080,ATL,NL,0,
gracema01,1997,0,ALS199707080,CHN,NL,1,
hundlto01,1997,0,ALS199707080,NYN,NL,0,
johnsch04,1997,0,ALS199707080,FLO,NL,1,
jonesbo03,1997,0,ALS199707080,NYN,NL,1,
jonesch06,1997,0,ALS199707080,ATL,NL,1,
kileda01,1997,0,ALS199707080,HOU,NL,0,
larkiba01,1997,0,ALS199707080,CIN,NL,0,
loftoke01,1997,0,ALS199707080,ATL,NL,0,
lopezja01,1997,0,ALS199707080,ATL,NL,1,
martipe02,1997,0,ALS199707080,MON,NL,1,
neaglde01,1997,0,ALS199707080,ATL,NL,0,
schilcu01,1997,0,ALS199707080,PHI,NL,1,
womacto01,1997,0,ALS199707080,PIT,NL,1,
wellsda01,1998,0,NLS199807070,NYA,AL,1,1
rodriiv01,1998,0,NLS199807070,TEX,AL,1,2
thomeji01,1998,0,NLS199807070,CLE,AL,1,3
alomaro01,1998,0,NLS199807070,BAL,AL,1,4
ripkeca01,1998,0,NLS199807070,BAL,AL,1,5
rodrial01,1998,0,NLS199807070,SEA,AL,1,6
loftoke01,1998,0,NLS199807070,CLE,AL,1,7
griffke02,1998,0,NLS199807070,SEA,AL,1,8
gonzaju03,1998,0,NLS199807070,TEX,AL,1,9
alomasa02,1998,0,NLS199807070,CLE,AL,1,
arrojro01,1998,0,NLS199807070,TBA,AL,1,
brosisc01,1998,0,NLS199807070,NYA,AL,1,
clemero02,1998,0,NLS199807070,TOR,AL,1,
colonba01,1998,0,NLS199807070,CLE,AL,1,
durhara01,1998,0,NLS199807070,CHA,AL,1,
easleda01,1998,0,NLS199807070,DET,AL,1,
erstada01,1998,0,NLS199807070,LAA,AL,1,
gordoto01,1998,0,NLS199807070,BOS,AL,1,
grievbe01,1998,0,NLS199807070,OAK,AL,1,
jeterde01,1998,0,NLS199807070,NYA,AL,1,
martipe02,1998,0,NLS199807070,BOS,AL,0,
oneilpa01,1998,0,NLS199807070,NYA,AL,1,
palmede01,1998,0,NLS199807070,KCA,AL,1,
palmera01,1998,0,NLS199807070,BAL,AL,1,
percitr01,1998,0,NLS199807070,LAA,AL,1,
radkebr01,1998,0,NLS199807070,MIN,AL,1,
ramirma02,1998,0,NLS199807070,CLE,AL,1,
seleaa01,1998,0,NLS199807070,TEX,AL,0,
vaughmo01,1998,0,NLS199807070,BOS,AL,0,
vizquom01,1998,0,NLS199807070,CLE,AL,1,
wettejo01,1998,0,NLS199807070,TEX,AL,1,
willibe02,1998,0,NLS199807070,NYA,AL,0,
maddugr01,1998,0,NLS199807070,ATL,NL,1,1
piazzmi01,1998,0,NLS199807070,NYN,NL,1,2
mcgwima01,1998,0,NLS199807070,SLN,NL,1,3
biggicr01,1998,0,NLS199807070,HOU,NL,1,4
jonesch06,1998,0,NLS199807070,ATL,NL,1,5
weisswa01,1998,0,NLS199807070,ATL,NL,1,6
bondsba01,1998,0,NLS199807070,SFN,NL,1,7
walkela01,1998,0,NLS199807070,COL,NL,1,8
gwynnto01,1998,0,NLS199807070,SDN,NL,1,9
aloumo01,1998,0,NLS199807070,HOU,NL,1,
ashbyan01,1998,0,NLS199807070,SDN,NL,1,
bicheda01,1998,0,NLS199807070,COL,NL,1,
boonebr01,1998,0,NLS199807070,CIN,NL,0,
brownke01,1998,0,NLS199807070,SDN,NL,1,
castivi02,1998,0,NLS199807070,COL,NL,1,
galaran01,1998,0,NLS199807070,ATL,NL,1,
glavito02,1998,0,NLS199807070,ATL,NL,1,
hoffmtr01,1998,0,NLS199807070,SDN,NL,1,
kendaja01,1998,0,NLS199807070,PIT,NL,1,
lopezja01,1998,0,NLS199807070,ATL,NL,1,
nenro01,1998,0,NLS199807070,SFN,NL,1,
reedri01,1998,0,NLS199807070,NYN,NL,0,
renteed01,1998,0,NLS199807070,FLO,NL,1,
schilcu01,1998,0,NLS199807070,PHI,NL,0,
shawje01,1998,0,NLS199807070,LAN,NL,1,
sheffga01,1998,0,NLS199807070,LAN,NL,1,
sosasa01,1998,0,NLS199807070,CHN,NL,0,
urbinug01,1998,0,NLS199807070,MON,NL,1,
vaughgr01,1998,0,NLS199807070,SDN,NL,1,
vinafe01,1998,0,NLS199807070,MIL,NL,1,
whitede03,1998,0,NLS199807070,ARI,NL,1,
martipe02,1999,0,ALS199907130,BOS,AL,1,1
rodriiv01,1999,0,ALS199907130,TEX,AL,1,2
thomeji01,1999,0,ALS199907130,CLE,AL,1,3
alomaro01,1999,0,ALS199907130,CLE,AL,1,4
ripkeca01,1999,0,ALS199907130,BAL,AL,1,5
garcino01,1999,0,ALS199907130,BOS,AL,1,6
loftoke01,1999,0,ALS199907130,CLE,AL,1,7
griffke02,1999,0,ALS199907130,SEA,AL,1,8
ramirma02,1999,0,ALS199907130,CLE,AL,1,9
palmera01,1999,0,ALS199907130,TEX,AL,1,10
ausmubr01,1999,0,ALS199907130,DET,AL,1,
baineha01,1999,0,ALS199907130,BAL,AL,1,
cansejo01,1999,0,ALS199907130,TBA,AL,0,
coneda01,1999,0,ALS199907130,NYA,AL,1,
coomero01,1999,0,ALS199907130,MIN,AL,1,
fernato01,1999,0,ALS199907130,TOR,AL,1,
greensh01,1999,0,ALS199907130,TOR,AL,1,
hernaro01,1999,0,ALS199907130,TBA,AL,1,
jahajo01,1999,0,ALS199907130,OAK,AL,1,
jeterde01,1999,0,ALS199907130,NYA,AL,1,
mussimi01,1999,0,ALS199907130,BAL,AL,1,
nagych01,1999,0,ALS199907130,CLE,AL,0,
offerjo01,1999,0,ALS199907130,BOS,AL,1,
ordonma01,1999,0,ALS199907130,CHA,AL,1,
percitr01,1999,0,ALS199907130,LAA,AL,0,
riverma01,1999,0,ALS199907130,NYA,AL,0,
rosadjo01,1999,0,ALS199907130,KCA,AL,1,
surhobj01,1999,0,ALS199907130,BAL,AL,1,
vizquom01,1999,0,ALS199907130,CLE,AL,1,
wettejo01,1999,0,ALS199907130,TEX,AL,1,
willibe02,1999,0,ALS199907130,NYA,AL,1,
zimmeje02,1999,0,ALS199907130,TEX,AL,1,
schilcu01,1999,0,ALS199907130,PHI,NL,1,1
piazzmi01,1999,0,ALS199907130,NYN,NL,1,2
mcgwima01,1999,0,ALS199907130,SLN,NL,1,3
bellja01,1999,0,ALS199907130,ARI,NL,1,4
willima04,1999,0,ALS199907130,ARI,NL,1,5
larkiba01,1999,0,ALS199907130,CIN,NL,1,6
burnije01,1999,0,ALS199907130,MIL,NL,1,7
sosasa01,1999,0,ALS199907130,CHN,NL,1,8
walkela01,1999,0,ALS199907130,COL,NL,1,9
bagweje01,1999,0,ALS199907130,HOU,NL,1,10
ashbyan01,1999,0,ALS199907130,SDN,NL,1,
botteke01,1999,0,ALS199907130,SLN,NL,1,
byrdpa01,1999,0,ALS199907130,PHI,NL,0,
caseyse01,1999,0,ALS199907130,CIN,NL,1,
gonzaal02,1999,0,ALS199907130,FLO,NL,1,
gonzalu01,1999,0,ALS199907130,ARI,NL,1,
guerrvl01,1999,0,ALS199907130,MON,NL,1,
gwynnto01,1999,0,ALS199907130,SDN,NL,0,
hamptmi01,1999,0,ALS199907130,HOU,NL,1,
hoffmtr01,1999,0,ALS199907130,SDN,NL,1,
johnsra05,1999,0,ALS199907130,ARI,NL,1,
jordabr01,1999,0,ALS199907130,ATL,NL,1,
kentje01,1999,0,ALS199907130,SFN,NL,1,
liebemi01,1999,0,ALS199907130,PHI,NL,1,
limajo01,1999,0,ALS199907130,HOU,NL,1,
millwke01,1999,0,ALS199907130,ATL,NL,1,
nenro01,1999,0,ALS199907130,SFN,NL,0,
nilssda01,1999,0,ALS199907130,MIL,NL,1,
sheffga01,1999,0,ALS199907130,LAN,NL,1,
spraged02,1999,0,ALS199907130,PIT,NL,1,
wagnebi02,1999,0,ALS199907130,HOU,NL,1,
willisc01,1999,0,ALS199907130,CIN,NL,0,
wellsda01,2000,0,NLS200007110,TOR,AL,1,1
rodriiv01,2000,0,NLS200007110,TEX,AL,1,2
giambja01,2000,0,NLS200007110,OAK,AL,1,3
alomaro01,2000,0,NLS200007110,CLE,AL,1,4
frymatr01,2000,0,NLS200007110,CLE,AL,1,5
jeterde01,2000,0,NLS200007110,NYA,AL,1,6
evereca01,2000,0,NLS200007110,BOS,AL,1,7
willibe02,2000,0,NLS200007110,NYA,AL,1,8
dyeje01,2000,0,NLS200007110,KCA,AL,1,9
baldwja01,2000,0,NLS200007110,CHA,AL,1,
batisto01,2000,0,NLS200007110,TOR,AL,1,
bordimi01,2000,0,NLS200007110,BAL,AL,1,
delgaca01,2000,0,NLS200007110,TOR,AL,1,
durhara01,2000,0,NLS200007110,CHA,AL,1,
erstada01,2000,0,NLS200007110,LAA,AL,1,
finlech01,2000,0,NLS200007110,CLE,AL,0,
garcino01,2000,0,NLS200007110,BOS,AL,1,
glaustr01,2000,0,NLS200007110,LAA,AL,1,
hudsoti01,2000,0,NLS200007110,OAK,AL,1,
isrinja01,2000,0,NLS200007110,OAK,AL,1,
jonesto02,2000,0,NLS200007110,DET,AL,1,
lawtoma02,2000,0,NLS200007110,MIN,AL,1,
lowede01,2000,0,NLS200007110,BOS,AL,1,
martied01,2000,0,NLS200007110,SEA,AL,1,
martipe02,2000,0,NLS200007110,BOS,AL,0,
mcgrifr01,2000,0,NLS200007110,TBA,AL,1,
ordonma01,2000,0,NLS200007110,CHA,AL,1,
posadjo01,2000,0,NLS200007110,NYA,AL,1,
ramirma02,2000,0,NLS200007110,CLE,AL,0,
ripkeca01,2000,0,NLS200007110,BAL,AL,0,
riverma01,2000,0,NLS200007110,NYA,AL,1,
rodrial01,2000,0,NLS200007110,SEA,AL,0,
seleaa01,2000,0,NLS200007110,SEA,AL,1,
sweenmi01,2000,0,NLS200007110,KCA,AL,1,
johnsra05,2000,0,NLS200007110,ARI,NL,1,1
kendaja01,2000,0,NLS200007110,PIT,NL,1,2
galaran01,2000,0,NLS200007110,ATL,NL,1,3
kentje01,2000,0,NLS200007110,SFN,NL,1,4
jonesch06,2000,0,NLS200007110,ATL,NL,1,5
larkiba01,2000,0,NLS200007110,CIN,NL,1,6
guerrvl01,2000,0,NLS200007110,MON,NL,1,7
edmonji01,2000,0,NLS200007110,SLN,NL,1,8
sosasa01,2000,0,NLS200007110,CHN,NL,1,9
alfoned01,2000,0,NLS200007110,NYN,NL,1,
bondsba01,2000,0,NLS200007110,SFN,NL,0,
brownke01,2000,0,NLS200007110,LAN,NL,1,
cirilje01,2000,0,NLS200007110,COL,NL,1,
dempsry01,2000,0,NLS200007110,FLO,NL,0,
finlest01,2000,0,NLS200007110,ARI,NL,1,
gilesbr02,2000,0,NLS200007110,PIT,NL,1,
girarjo01,2000,0,NLS200007110,CHN,NL,0,
glavito02,2000,0,NLS200007110,ATL,NL,1,
graveda01,2000,0,NLS200007110,CIN,NL,1,
griffke02,2000,0,NLS200007110,CIN,NL,0,
hammoje01,2000,0,NLS200007110,COL,NL,1,
heltoto01,2000,0,NLS200007110,COL,NL,1,
hoffmtr01,2000,0,NLS200007110,SDN,NL,1,
jonesan01,2000,0,NLS200007110,ATL,NL,1,
kileda01,2000,0,NLS200007110,SLN,NL,1,
leiteal01,2000,0,NLS200007110,NYN,NL,1,
liebemi01,2000,0,NLS200007110,PHI,NL,1,
maddugr01,2000,0,NLS200007110,ATL,NL,0,
mcgwima01,2000,0,NLS200007110,SLN,NL,0,
piazzmi01,2000,0,NLS200007110,NYN,NL,0,
renteed01,2000,0,NLS200007110,SLN,NL,1,
reynosh01,2000,0,NLS200007110,HOU,NL,0,
sheffga01,2000,0,NLS200007110,LAN,NL,1,
vidrojo01,2000,0,NLS200007110,MON,NL,1,
wickmbo01,2000,0,NLS200007110,MIL,NL,1,
clemero02,2001,0,ALS200107100,NYA,AL,1,1
rodriiv01,2001,0,ALS200107100,TEX,AL,1,2
olerujo01,2001,0,ALS200107100,SEA,AL,1,3
boonebr01,2001,0,ALS200107100,SEA,AL,1,4
rodrial01,2001,0,ALS200107100,TEX,AL,1,5
ripkeca01,2001,0,ALS200107100,BAL,AL,1,6
ramirma02,2001,0,ALS200107100,BOS,AL,1,7
suzukic01,2001,0,ALS200107100,SEA,AL,1,8
gonzaju03,2001,0,ALS200107100,CLE,AL,1,9
martied01,2001,0,ALS200107100,SEA,AL,1,10
alomaro01,2001,0,ALS200107100,CLE,AL,1,
camermi01,2001,0,ALS200107100,SEA,AL,1,
clarkto02,2001,0,ALS200107100,DET,AL,1,
garcifr02,2001,0,ALS200107100,SEA,AL,1,
giambja01,2001,0,ALS200107100,OAK,AL,1,
glaustr01,2001,0,ALS200107100,LAA,AL,1,
guzmacr01,2001,0,ALS200107100,MIN,AL,1,
jeterde01,2001,0,ALS200107100,NYA,AL,1,
maysjo01,2001,0,ALS200107100,MIN,AL,1,
miltoer01,2001,0,ALS200107100,MIN,AL,0,
nelsoje01,2001,0,ALS200107100,SEA,AL,1,
ordonma01,2001,0,ALS200107100,CHA,AL,1,
percitr01,2001,0,ALS200107100,LAA,AL,1,
pettian01,2001,0,ALS200107100,NYA,AL,1,
posadjo01,2001,0,ALS200107100,NYA,AL,1,
quantpa01,2001,0,ALS200107100,TOR,AL,1,
riverma01,2001,0,ALS200107100,NYA,AL,0,
sasakka01,2001,0,ALS200107100,SEA,AL,1,
stantmi02,2001,0,ALS200107100,NYA,AL,1,
sweenmi01,2001,0,ALS200107100,KCA,AL,1,
vaughgr01,2001,0,ALS200107100,TBA,AL,0,
willibe02,2001,0,ALS200107100,NYA,AL,1,
johnsra05,2001,0,ALS200107100,ARI,NL,1,1
piazzmi01,2001,0,ALS200107100,NYN,NL,1,2
heltoto01,2001,0,ALS200107100,COL,NL,1,3
kentje01,2001,0,ALS200107100,SFN,NL,1,4
jonesch06,2001,0,ALS200107100,ATL,NL,1,5
aurilri01,2001,0,ALS200107100,SFN,NL,1,6
bondsba01,2001,0,ALS200107100,SFN,NL,1,7
gonzalu01,2001,0,ALS200107100,ARI,NL,1,8
sosasa01,2001,0,ALS200107100,CHN,NL,1,9
walkela01,2001,0,ALS200107100,COL,NL,1,10
aloumo01,2001,0,ALS200107100,HOU,NL,1,
berkmla01,2001,0,ALS200107100,HOU,NL,1,
burkejo03,2001,0,ALS200107100,ATL,NL,1,
caseyse01,2001,0,ALS200107100,CIN,NL,1,
floydcl01,2001,0,ALS200107100,FLO,NL,1,
gilesbr02,2001,0,ALS200107100,PIT,NL,1,
guerrvl01,2001,0,ALS200107100,MON,NL,1,
hamptmi01,2001,0,ALS200107100,COL,NL,1,
johnsch04,2001,0,ALS200107100,FLO,NL,1,
kleskry01,2001,0,ALS200107100,SDN,NL,1,
liebejo01,2001,0,ALS200107100,CHN,NL,1,
morrima01,2001,0,ALS200107100,SLN,NL,1,
nevinph01,2001,0,ALS200107100,SDN,NL,1,
parkch01,2001,0,ALS200107100,LAN,NL,1,
pujolal01,2001,0,ALS200107100,SLN,NL,1,
reedri01,2001,0,ALS200107100,NYN,NL,0,
rolliji01,2001,0,ALS200107100,PHI,NL,1,
schilcu01,2001,0,ALS200107100,ARI,NL,0,
shawje01,2001,0,ALS200107100,LAN,NL,1,
sheetbe01,2001,0,ALS200107100,MIL,NL,1,
wagnebi02,2001,0,ALS200107100,HOU,NL,1,
lowede01,2002,0,NLS200207090,BOS,AL,1,1
posadjo01,2002,0,NLS200207090,NYA,AL,1,2
giambja01,2002,0,NLS200207090,NYA,AL,1,3
soriaal01,2002,0,NLS200207090,NYA,AL,1,4
hillesh02,2002,0,NLS200207090,BOS,AL,1,5
rodrial01,2002,0,NLS200207090,TEX,AL,1,6
ramirma02,2002,0,NLS200207090,BOS,AL,1,7
hunteto01,2002,0,NLS200207090,MIN,AL,1,8
suzukic01,2002,0,NLS200207090,SEA,AL,1,9
anderga01,2002,0,NLS200207090,LAA,AL,1,
batisto01,2002,0,NLS200207090,BAL,AL,1,
buehrma01,2002,0,NLS200207090,CHA,AL,1,
damonjo01,2002,0,NLS200207090,BOS,AL,1,
fickro01,2002,0,NLS200207090,DET,AL,1,
garcifr02,2002,0,NLS200207090,SEA,AL,1,
garcino01,2002,0,NLS200207090,BOS,AL,1,
guarded01,2002,0,NLS200207090,MIN,AL,1,
hallaro01,2002,0,NLS200207090,TOR,AL,1,
jeterde01,2002,0,NLS200207090,NYA,AL,1,
konerpa01,2002,0,NLS200207090,CHA,AL,1,
martipe02,2002,0,NLS200207090,BOS,AL,0,
pierzaj01,2002,0,NLS200207090,MIN,AL,1,
riverma01,2002,0,NLS200207090,NYA,AL,1,
sasakka01,2002,0,NLS200207090,SEA,AL,1,
sweenmi01,2002,0,NLS200207090,KCA,AL,1,
tejadmi01,2002,0,NLS200207090,OAK,AL,1,
urbinug01,2002,0,NLS200207090,BOS,AL,1,
venturo01,2002,0,NLS200207090,NYA,AL,1,
vizquom01,2002,0,NLS200207090,CLE,AL,1,
winnra01,2002,0,NLS200207090,TBA,AL,1,
zitoba01,2002,0,NLS200207090,OAK,AL,1,
schilcu01,2002,0,NLS200207090,ARI,NL,1,1
piazzmi01,2002,0,NLS200207090,NYN,NL,1,2
heltoto01,2002,0,NLS200207090,COL,NL,1,3
vidrojo01,2002,0,NLS200207090,MON,NL,1,4
rolensc01,2002,0,NLS200207090,PHI,NL,1,5
rolliji01,2002,0,NLS200207090,PHI,NL,1,6
bondsba01,2002,0,NLS200207090,SFN,NL,1,7
guerrvl01,2002,0,NLS200207090,MON,NL,1,8
sosasa01,2002,0,NLS200207090,CHN,NL,1,9
berkmla01,2002,0,NLS200207090,HOU,NL,1,
castilu01,2002,0,NLS200207090,FLO,NL,1,
dunnad01,2002,0,NLS200207090,CIN,NL,1,
gagneer01,2002,0,NLS200207090,LAN,NL,1,
glavito02,2002,0,NLS200207090,ATL,NL,0,
gonzalu01,2002,0,NLS200207090,ARI,NL,1,
greensh01,2002,0,NLS200207090,LAN,NL,1,
hernajo01,2002,0,NLS200207090,MIL,NL,1,
hoffmtr01,2002,0,NLS200207090,SDN,NL,1,
johnsra05,2002,0,NLS200207090,ARI,NL,0,
jonesan01,2002,0,NLS200207090,ATL,NL,1,
kimby01,2002,0,NLS200207090,ARI,NL,1,
lowelmi01,2002,0,NLS200207090,FLO,NL,1,
milleda02,2002,0,NLS200207090,ARI,NL,1,
morrima01,2002,0,NLS200207090,SLN,NL,0,
nenro01,2002,0,NLS200207090,SFN,NL,1,
padilvi01,2002,0,NLS200207090,PHI,NL,1,
perezod01,2002,0,NLS200207090,LAN,NL,1,
remlimi01,2002,0,NLS200207090,ATL,NL,1,
santibe01,2002,0,NLS200207090,SFN,NL,1,
sexsori01,2002,0,NLS200207090,MIL,NL,1,
smoltjo01,2002,0,NLS200207090,ATL,NL,1,
spiveju01,2002,0,NLS200207090,ARI,NL,1,
willimi03,2002,0,NLS200207090,PIT,NL,1,
loaizes01,2003,0,ALS200307150,CHA,AL,1,1
posadjo01,2003,0,ALS200307150,NYA,AL,1,2
delgaca01,2003,0,ALS200307150,TOR,AL,1,3
soriaal01,2003,0,ALS200307150,NYA,AL,1,4
glaustr01,2003,0,ALS200307150,LAA,AL,1,5
rodrial01,2003,0,ALS200307150,TEX,AL,1,6
anderga01,2003,0,ALS200307150,LAA,AL,1,7
matsuhi01,2003,0,ALS200307150,NYA,AL,1,8
suzukic01,2003,0,ALS200307150,SEA,AL,1,9
martied01,2003,0,ALS200307150,SEA,AL,1,10
blaloha01,2003,0,ALS200307150,TEX,AL,1,
boonebr01,2003,0,ALS200307150,SEA,AL,1,
cartela02,2003,0,ALS200307150,TBA,AL,0,
clemero02,2003,0,ALS200307150,NYA,AL,1,
donnebr01,2003,0,ALS200307150,LAA,AL,1,
evereca01,2003,0,ALS200307150,CHA,AL,1,
foulkke01,2003,0,ALS200307150,OAK,AL,1,
garcino01,2003,0,ALS200307150,BOS,AL,1,
giambja01,2003,0,ALS200307150,NYA,AL,1,
guarded01,2003,0,ALS200307150,MIN,AL,1,
hallaro01,2003,0,ALS200307150,TOR,AL,0,
hasegsh01,2003,0,ALS200307150,SEA,AL,1,
hernara02,2003,0,ALS200307150,OAK,AL,1,
macdomi01,2003,0,ALS200307150,KCA,AL,0,
morame01,2003,0,ALS200307150,BAL,AL,1,
moyerja01,2003,0,ALS200307150,SEA,AL,1,
muldema01,2003,0,ALS200307150,OAK,AL,1,
ordonma01,2003,0,ALS200307150,CHA,AL,1,
ramirma02,2003,0,ALS200307150,BOS,AL,0,
sabatcc01,2003,0,ALS200307150,CLE,AL,0,
sweenmi01,2003,0,ALS200307150,KCA,AL,0,
varitja01,2003,0,ALS200307150,BOS,AL,0,
wellsve01,2003,0,ALS200307150,TOR,AL,1,
youngdm01,2003,0,ALS200307150,DET,AL,0,
zitoba01,2003,0,ALS200307150,OAK,AL,0,
schmija01,2003,0,ALS200307150,SFN,NL,1,1
lopezja01,2003,0,ALS200307150,ATL,NL,1,2
heltoto01,2003,0,ALS200307150,COL,NL,1,3
vidrojo01,2003,0,ALS200307150,MON,NL,1,4
rolensc01,2003,0,ALS200307150,SLN,NL,1,5
renteed01,2003,0,ALS200307150,SLN,NL,1,6
pujolal01,2003,0,ALS200307150,SLN,NL,1,7
edmonji01,2003,0,ALS200307150,SLN,NL,1,8
sheffga01,2003,0,ALS200307150,ATL,NL,1,9
bondsba01,2003,0,ALS200307150,SFN,NL,1,10
benitar01,2003,0,ALS200307150,NYN,NL,0,
booneaa01,2003,0,ALS200307150,CIN,NL,1,
brownke01,2003,0,ALS200307150,LAN,NL,0,
castilu01,2003,0,ALS200307150,FLO,NL,1,
chacosh01,2003,0,ALS200307150,COL,NL,0,
furcara01,2003,0,ALS200307150,ATL,NL,1,
gagneer01,2003,0,ALS200307150,LAN,NL,1,
gilesma01,2003,0,ALS200307150,ATL,NL,0,
gonzalu01,2003,0,ALS200307150,ARI,NL,1,
jenkige01,2003,0,ALS200307150,MIL,NL,0,
jonesan01,2003,0,ALS200307150,ATL,NL,1,
loducpa01,2003,0,ALS200307150,LAN,NL,1,
lowelmi01,2003,0,ALS200307150,FLO,NL,1,
ortizru01,2003,0,ALS200307150,ATL,NL,1,
priorma01,2003,0,ALS200307150,CHN,NL,0,
sexsori01,2003,0,ALS200307150,MIL,NL,1,
smoltjo01,2003,0,ALS200307150,ATL,NL,0,
wagnebi02,2003,0,ALS200307150,HOU,NL,1,
whitero02,2003,0,ALS200307150,SDN,NL,1,
willido03,2003,0,ALS200307150,FLO,NL,0,
willimi03,2003,0,ALS200307150,PIT,NL,0,
williwo02,2003,0,ALS200307150,SLN,NL,1,
wilsopr01,2003,0,ALS200307150,COL,NL,1,
wolfra02,2003,0,ALS200307150,PHI,NL,1,
woodke02,2003,0,ALS200307150,CHN,NL,1,
muldema01,2004,0,NLS200407130,OAK,AL,1,1
rodriiv01,2004,0,NLS200407130,DET,AL,1,2
giambja01,2004,0,NLS200407130,NYA,AL,1,3
soriaal01,2004,0,NLS200407130,TEX,AL,1,4
rodrial01,2004,0,NLS200407130,NYA,AL,1,5
jeterde01,2004,0,NLS200407130,NYA,AL,1,6
ramirma02,2004,0,NLS200407130,BOS,AL,1,7
suzukic01,2004,0,NLS200407130,SEA,AL,1,8
guerrvl01,2004,0,NLS200407130,LAA,AL,1,9
belliro01,2004,0,NLS200407130,CLE,AL,1,
blaloha01,2004,0,NLS200407130,TEX,AL,1,
cordefr01,2004,0,NLS200407130,TEX,AL,0,
crawfca02,2004,0,NLS200407130,TBA,AL,1,
gordoto01,2004,0,NLS200407130,NYA,AL,1,
guillca01,2004,0,NLS200407130,DET,AL,0,
harveke01,2004,0,NLS200407130,KCA,AL,1,
hudsoti01,2004,0,NLS200407130,OAK,AL,0,
lawtoma02,2004,0,NLS200407130,CLE,AL,1,
lillyte01,2004,0,NLS200407130,TOR,AL,1,
loaizes01,2004,0,NLS200407130,CHA,AL,1,
martivi01,2004,0,NLS200407130,CLE,AL,1,
matsuhi01,2004,0,NLS200407130,NYA,AL,1,
nathajo01,2004,0,NLS200407130,MIN,AL,1,
ortizda01,2004,0,NLS200407130,BOS,AL,1,
riverma01,2004,0,NLS200407130,NYA,AL,1,
rodrifr03,2004,0,NLS200407130,LAA,AL,1,
rogerke01,2004,0,NLS200407130,TEX,AL,0,
sabatcc01,2004,0,NLS200407130,CLE,AL,1,
schilcu01,2004,0,NLS200407130,BOS,AL,0,
sheffga01,2004,0,NLS200407130,NYA,AL,1,
tejadmi01,2004,0,NLS200407130,BAL,AL,1,
vazquja01,2004,0,NLS200407130,NYA,AL,1,
westbja01,2004,0,NLS200407130,CLE,AL,0,
youngmi02,2004,0,NLS200407130,TEX,AL,1,
clemero02,2004,0,NLS200407130,HOU,NL,1,1
piazzmi01,2004,0,NLS200407130,NYN,NL,1,2
pujolal01,2004,0,NLS200407130,SLN,NL,1,3
kentje01,2004,0,NLS200407130,HOU,NL,1,4
rolensc01,2004,0,NLS200407130,SLN,NL,1,5
renteed01,2004,0,NLS200407130,SLN,NL,1,6
bondsba01,2004,0,NLS200407130,SFN,NL,1,7
berkmla01,2004,0,NLS200407130,HOU,NL,1,8
sosasa01,2004,0,NLS200407130,CHN,NL,1,9
abreubo01,2004,0,NLS200407130,PHI,NL,1,
aloumo01,2004,0,NLS200407130,CHN,NL,1,
beltrca01,2004,0,NLS200407130,HOU,NL,1,
benitar01,2004,0,NLS200407130,FLO,NL,0,
cabremi01,2004,0,NLS200407130,FLO,NL,1,
caseyse01,2004,0,NLS200407130,CIN,NL,0,
estrajo01,2004,0,NLS200407130,ATL,NL,1,
gagneer01,2004,0,NLS200407130,LAN,NL,1,
glavito02,2004,0,NLS200407130,NYN,NL,1,
graveda01,2004,0,NLS200407130,CIN,NL,0,
griffke02,2004,0,NLS200407130,CIN,NL,0,
heltoto01,2004,0,NLS200407130,COL,NL,1,
hernali01,2004,0,NLS200407130,MON,NL,0,
johnsra05,2004,0,NLS200407130,ARI,NL,1,
kolbda01,2004,0,NLS200407130,MIL,NL,1,
larkiba01,2004,0,NLS200407130,CIN,NL,1,
loducpa01,2004,0,NLS200407130,LAN,NL,1,
loretma01,2004,0,NLS200407130,SDN,NL,1,
lowelmi01,2004,0,NLS200407130,FLO,NL,1,
pavanca01,2004,0,NLS200407130,FLO,NL,1,
schmija01,2004,0,NLS200407130,SFN,NL,0,
sheetbe01,2004,0,NLS200407130,MIL,NL,1,
thomeji01,2004,0,NLS200407130,PHI,NL,1,
wilsoja02,2004,0,NLS200407130,PIT,NL,1,
zambrca01,2004,0,NLS200407130,CHN,NL,1,
buehrma01,2005,0,ALS200507120,CHA,AL,1,1
varitja01,2005,0,ALS200507120,BOS,AL,1,2
teixema01,2005,0,ALS200507120,TEX,AL,1,3
roberbr01,2005,0,ALS200507120,BAL,AL,1,4
rodrial01,2005,0,ALS200507120,NYA,AL,1,5
tejadmi01,2005,0,ALS200507120,BAL,AL,1,6
ramirma02,2005,0,ALS200507120,BOS,AL,1,7
damonjo01,2005,0,ALS200507120,BOS,AL,1,8
guerrvl01,2005,0,ALS200507120,LAA,AL,1,9
ortizda01,2005,0,ALS200507120,BOS,AL,1,10
anderga01,2005,0,ALS200507120,LAA,AL,1,
baezda01,2005,0,ALS200507120,TBA,AL,0,
clemema01,2005,0,ALS200507120,BOS,AL,1,
colonba01,2005,0,ALS200507120,LAA,AL,1,
duchsju01,2005,0,ALS200507120,OAK,AL,0,
garlajo01,2005,0,ALS200507120,CHA,AL,1,
hallaro01,2005,0,ALS200507120,TOR,AL,0,
hillesh02,2005,0,ALS200507120,TOR,AL,1,
konerpa01,2005,0,ALS200507120,CHA,AL,1,
morame01,2005,0,ALS200507120,BAL,AL,1,
nathajo01,2005,0,ALS200507120,MIN,AL,1,
podsesc01,2005,0,ALS200507120,CHA,AL,1,
riverma01,2005,0,ALS200507120,NYA,AL,1,
rodriiv01,2005,0,ALS200507120,DET,AL,1,
rogerke01,2005,0,ALS200507120,TEX,AL,1,
ryanbj01,2005,0,ALS200507120,BAL,AL,1,
santajo01,2005,0,ALS200507120,MIN,AL,1,
sheffga01,2005,0,ALS200507120,NYA,AL,1,
soriaal01,2005,0,ALS200507120,TEX,AL,1,
suzukic01,2005,0,ALS200507120,SEA,AL,1,
sweenmi01,2005,0,ALS200507120,KCA,AL,1,
wickmbo01,2005,0,ALS200507120,CLE,AL,1,
youngmi02,2005,0,ALS200507120,TEX,AL,1,
carpech01,2005,0,ALS200507120,SLN,NL,1,1
piazzmi01,2005,0,ALS200507120,NYN,NL,1,2
leede02,2005,0,ALS200507120,CHN,NL,1,3
kentje01,2005,0,ALS200507120,LAN,NL,1,4
ramirar01,2005,0,ALS200507120,CHN,NL,1,5
eckstda01,2005,0,ALS200507120,SLN,NL,1,6
beltrca01,2005,0,ALS200507120,NYN,NL,1,7
edmonji01,2005,0,ALS200507120,SLN,NL,1,8
abreubo01,2005,0,ALS200507120,PHI,NL,1,9
pujolal01,2005,0,ALS200507120,SLN,NL,1,10
aloumo01,2005,0,ALS200507120,SFN,NL,1,
bayja01,2005,0,ALS200507120,PIT,NL,0,
cabremi01,2005,0,ALS200507120,FLO,NL,1,
castilu01,2005,0,ALS200507120,FLO,NL,1,
clemero02,2005,0,ALS200507120,HOU,NL,1,
cordech01,2005,0,ALS200507120,WAS,NL,1,
ensbemo01,2005,0,ALS200507120,HOU,NL,1,
fuentbr01,2005,0,ALS200507120,COL,NL,0,
gonzalu01,2005,0,ALS200507120,ARI,NL,1,
hernali01,2005,0,ALS200507120,WAS,NL,1,
isrinja01,2005,0,ALS200507120,SLN,NL,0,
izturce01,2005,0,ALS200507120,LAN,NL,0,
jonesan01,2005,0,ALS200507120,ATL,NL,1,
leeca01,2005,0,ALS200507120,MIL,NL,1,
lidgebr01,2005,0,ALS200507120,HOU,NL,1,
loducpa01,2005,0,ALS200507120,FLO,NL,1,
lopezfe01,2005,0,ALS200507120,CIN,NL,1,
martipe02,2005,0,ALS200507120,NYN,NL,0,
oswalro01,2005,0,ALS200507120,HOU,NL,1,
peavyja01,2005,0,ALS200507120,SDN,NL,1,
rolensc01,2005,0,ALS200507120,SLN,NL,0,
rolliji01,2005,0,ALS200507120,PHI,NL,1,
smoltjo01,2005,0,ALS200507120,ATL,NL,1,
wagnebi02,2005,0,ALS200507120,PHI,NL,0,
willido03,2005,0,ALS200507120,FLO,NL,1,
rogerke01,2006,0,NLS200607110,DET,AL,1,1
rodriiv01,2006,0,NLS200607110,DET,AL,1,2
ortizda01,2006,0,NLS200607110,BOS,AL,1,3
loretma01,2006,0,NLS200607110,BOS,AL,1,4
rodrial01,2006,0,NLS200607110,NYA,AL,1,5
jeterde01,2006,0,NLS200607110,NYA,AL,1,6
guerrvl01,2006,0,NLS200607110,LAA,AL,1,7
wellsve01,2006,0,NLS200607110,TOR,AL,1,8
suzukic01,2006,0,NLS200607110,SEA,AL,1,9
buehrma01,2006,0,NLS200607110,CHA,AL,0,
canoro01,2006,0,NLS200607110,NYA,AL,0,
contrjo01,2006,0,NLS200607110,CHA,AL,0,
dyeje01,2006,0,NLS200607110,CHA,AL,1,
glaustr01,2006,0,NLS200607110,TOR,AL,1,
hallaro01,2006,0,NLS200607110,TOR,AL,1,
jenksbo01,2006,0,NLS200607110,CHA,AL,0,
kazmisc01,2006,0,NLS200607110,TBA,AL,1,
konerpa01,2006,0,NLS200607110,CHA,AL,1,
liriafr01,2006,0,NLS200607110,MIN,AL,0,
lopezjo01,2006,0,NLS200607110,SEA,AL,1,
matthga02,2006,0,NLS200607110,TEX,AL,1,
mauerjo01,2006,0,NLS200607110,MIN,AL,1,
ordonma01,2006,0,NLS200607110,DET,AL,1,
papeljo01,2006,0,NLS200607110,BOS,AL,0,
pierzaj01,2006,0,NLS200607110,CHA,AL,0,
ramirma02,2006,0,NLS200607110,BOS,AL,0,
redmama01,2006,0,NLS200607110,KCA,AL,0,
riosal01,2006,0,NLS200607110,TOR,AL,0,
riverma01,2006,0,NLS200607110,NYA,AL,1,
ryanbj01,2006,0,NLS200607110,TOR,AL,1,
santajo01,2006,0,NLS200607110,MIN,AL,1,
sizemgr01,2006,0,NLS200607110,CLE,AL,1,
tejadmi01,2006,0,NLS200607110,BAL,AL,1,
thomeji01,2006,0,NLS200607110,CHA,AL,1,
youngmi02,2006,0,NLS200607110,TEX,AL,1,
zitoba01,2006,0,NLS200607110,OAK,AL,1,
pennybr01,2006,0,NLS200607110,LAN,NL,1,1
loducpa01,2006,0,NLS200607110,NYN,NL,1,2
pujolal01,2006,0,NLS200607110,SLN,NL,1,3
utleych01,2006,0,NLS200607110,PHI,NL,1,4
wrighda03,2006,0,NLS200607110,NYN,NL,1,5
renteed01,2006,0,NLS200607110,ATL,NL,1,6
soriaal01,2006,0,NLS200607110,WAS,NL,1,7
beltrca01,2006,0,NLS200607110,NYN,NL,1,8
bayja01,2006,0,NLS200607110,PIT,NL,1,9
arroybr01,2006,0,NLS200607110,CIN,NL,1,
berkmla01,2006,0,NLS200607110,HOU,NL,1,
cabremi01,2006,0,NLS200607110,FLO,NL,1,
capuach01,2006,0,NLS200607110,MIL,NL,0,
carpech01,2006,0,NLS200607110,SLN,NL,0,
eckstda01,2006,0,NLS200607110,SLN,NL,1,
fuentbr01,2006,0,NLS200607110,COL,NL,1,
garcino01,2006,0,NLS200607110,LAN,NL,0,
glavito02,2006,0,NLS200607110,NYN,NL,0,
gordoto01,2006,0,NLS200607110,PHI,NL,1,
hoffmtr01,2006,0,NLS200607110,SDN,NL,1,
hollima01,2006,0,NLS200607110,COL,NL,1,
howarry01,2006,0,NLS200607110,PHI,NL,1,
jonesan01,2006,0,NLS200607110,ATL,NL,0,
leeca01,2006,0,NLS200607110,MIL,NL,1,
martipe02,2006,0,NLS200607110,NYN,NL,0,
mccanbr01,2006,0,NLS200607110,ATL,NL,1,
oswalro01,2006,0,NLS200607110,HOU,NL,1,
reyesjo01,2006,0,NLS200607110,NYN,NL,0,
rolensc01,2006,0,NLS200607110,SLN,NL,0,
sanchfr01,2006,0,NLS200607110,PIT,NL,1,
schmija01,2006,0,NLS200607110,SFN,NL,0,
turnbde01,2006,0,NLS200607110,MIL,NL,1,
ugglada01,2006,0,NLS200607110,FLO,NL,0,
webbbr01,2006,0,NLS200607110,ARI,NL,1,
zambrca01,2006,0,NLS200607110,CHN,NL,0,
harenda01,2007,0,NLS200707100,OAK,AL,1,1
rodriiv01,2007,0,NLS200707100,DET,AL,1,2
ortizda01,2007,0,NLS200707100,BOS,AL,1,3
polanpl01,2007,0,NLS200707100,DET,AL,1,4
rodrial01,2007,0,NLS200707100,NYA,AL,1,5
jeterde01,2007,0,NLS200707100,NYA,AL,1,6
ordonma01,2007,0,NLS200707100,DET,AL,1,7
suzukic01,2007,0,NLS200707100,SEA,AL,1,8
guerrvl01,2007,0,NLS200707100,LAA,AL,1,9
beckejo02,2007,0,NLS200707100,BOS,AL,1,
crawfca02,2007,0,NLS200707100,TBA,AL,1,
guillca01,2007,0,NLS200707100,DET,AL,1,
hunteto01,2007,0,NLS200707100,MIN,AL,1,
jenksbo01,2007,0,NLS200707100,CHA,AL,0,
lackejo01,2007,0,NLS200707100,LAA,AL,0,
lowelmi01,2007,0,NLS200707100,BOS,AL,1,
martivi01,2007,0,NLS200707100,CLE,AL,1,
mechegi01,2007,0,NLS200707100,KCA,AL,0,
morneju01,2007,0,NLS200707100,MIN,AL,1,
okajihi01,2007,0,NLS200707100,BOS,AL,0,
papeljo01,2007,0,NLS200707100,BOS,AL,1,
posadjo01,2007,0,NLS200707100,NYA,AL,1,
putzjj01,2007,0,NLS200707100,SEA,AL,1,
ramirma02,2007,0,NLS200707100,BOS,AL,1,
riosal01,2007,0,NLS200707100,TOR,AL,1,
roberbr01,2007,0,NLS200707100,BAL,AL,1,
rodrifr03,2007,0,NLS200707100,LAA,AL,1,
sabatcc01,2007,0,NLS200707100,CLE,AL,1,
santajo01,2007,0,NLS200707100,MIN,AL,1,
sizemgr01,2007,0,NLS200707100,CLE,AL,1,
verlaju01,2007,0,NLS200707100,DET,AL,1,
youngmi02,2007,0,NLS200707100,TEX,AL,0,
peavyja01,2007,0,NLS200707100,SDN,NL,1,1
martiru01,2007,0,NLS200707100,LAN,NL,1,2
fieldpr01,2007,0,NLS200707100,MIL,NL,1,3
utleych01,2007,0,NLS200707100,PHI,NL,1,4
wrighda03,2007,0,NLS200707100,NYN,NL,1,5
reyesjo01,2007,0,NLS200707100,NYN,NL,1,6
bondsba01,2007,0,NLS200707100,SFN,NL,1,7
beltrca01,2007,0,NLS200707100,NYN,NL,1,8
griffke02,2007,0,NLS200707100,CIN,NL,1,9
cabremi01,2007,0,NLS200707100,FLO,NL,1,
cordefr01,2007,0,NLS200707100,MIL,NL,1,
fuentbr01,2007,0,NLS200707100,COL,NL,0,
hamelco01,2007,0,NLS200707100,PHI,NL,1,
hardyjj01,2007,0,NLS200707100,MIL,NL,1,
hoffmtr01,2007,0,NLS200707100,SDN,NL,1,
hollima01,2007,0,NLS200707100,COL,NL,1,
hudsoor01,2007,0,NLS200707100,ARI,NL,1,
leeca01,2007,0,NLS200707100,HOU,NL,1,
leede02,2007,0,NLS200707100,CHN,NL,1,
mccanbr01,2007,0,NLS200707100,ATL,NL,1,
oswalro01,2007,0,NLS200707100,HOU,NL,0,
pennybr01,2007,0,NLS200707100,LAN,NL,1,
pujolal01,2007,0,NLS200707100,SLN,NL,0,
rowanaa01,2007,0,NLS200707100,PHI,NL,1,
saitota01,2007,0,NLS200707100,LAN,NL,1,
sanchfr01,2007,0,NLS200707100,PIT,NL,1,
sheetbe01,2007,0,NLS200707100,MIL,NL,1,
smoltjo01,2007,0,NLS200707100,ATL,NL,0,
soriaal01,2007,0,NLS200707100,CHN,NL,1,
valvejo01,2007,0,NLS200707100,ARI,NL,0,
wagnebi02,2007,0,NLS200707100,NYN,NL,1,
webbbr01,2007,0,NLS200707100,ARI,NL,0,
youngch03,2007,0,NLS200707100,SDN,NL,1,
youngdm01,2007,0,NLS200707100,WAS,NL,1,
leecl02,2008,0,ALS200807150,CLE,AL,1,1
mauerjo01,2008,0,ALS200807150,MIN,AL,1,2
youklke01,2008,0,ALS200807150,BOS,AL,1,3
pedrodu01,2008,0,ALS200807150,BOS,AL,1,4
rodrial01,2008,0,ALS200807150,NYA,AL,1,5
jeterde01,2008,0,ALS200807150,NYA,AL,1,6
ramirma02,2008,0,ALS200807150,BOS,AL,1,7
hamiljo03,2008,0,ALS200807150,TEX,AL,1,8
suzukic01,2008,0,ALS200807150,SEA,AL,1,9
bradlmi01,2008,0,ALS200807150,TEX,AL,1,10
credejo01,2008,0,ALS200807150,CHA,AL,1,
drewjd01,2008,0,ALS200807150,BOS,AL,1,
duchsju01,2008,0,ALS200807150,OAK,AL,1,
guillca01,2008,0,ALS200807150,DET,AL,1,
hallaro01,2008,0,ALS200807150,TOR,AL,1,
kazmisc01,2008,0,ALS200807150,TBA,AL,1,
kinslia01,2008,0,ALS200807150,TEX,AL,1,
longoev01,2008,0,ALS200807150,TBA,AL,1,
morneju01,2008,0,ALS200807150,MIN,AL,1,
nathajo01,2008,0,ALS200807150,MIN,AL,1,
navardi01,2008,0,ALS200807150,TBA,AL,1,
ortizda01,2008,0,ALS200807150,BOS,AL,0,
papeljo01,2008,0,ALS200807150,BOS,AL,1,
quentca01,2008,0,ALS200807150,CHA,AL,1,
riverma01,2008,0,ALS200807150,NYA,AL,1,
rodrifr03,2008,0,ALS200807150,LAA,AL,1,
santaer01,2008,0,ALS200807150,LAA,AL,1,
saundjo01,2008,0,ALS200807150,LAA,AL,1,
sherrge01,2008,0,ALS200807150,BAL,AL,1,
sizemgr01,2008,0,ALS200807150,CLE,AL,1,
soriajo01,2008,0,ALS200807150,KCA,AL,1,
varitja01,2008,0,ALS200807150,BOS,AL,1,
youngmi02,2008,0,ALS200807150,TEX,AL,1,
sheetbe01,2008,0,ALS200807150,MIL,NL,1,1
sotoge01,2008,0,ALS200807150,CHN,NL,1,2
berkmla01,2008,0,ALS200807150,HOU,NL,1,3
utleych01,2008,0,ALS200807150,PHI,NL,1,4
jonesch06,2008,0,ALS200807150,ATL,NL,1,5
ramirha01,2008,0,ALS200807150,FLO,NL,1,6
braunry02,2008,0,ALS200807150,MIL,NL,1,7
fukudko01,2008,0,ALS200807150,CHN,NL,1,8
hollima01,2008,0,ALS200807150,COL,NL,1,9
pujolal01,2008,0,ALS200807150,SLN,NL,1,10
cookaa01,2008,0,ALS200807150,COL,NL,1,
dempsry01,2008,0,ALS200807150,CHN,NL,1,
gonzaad01,2008,0,ALS200807150,SDN,NL,1,
guzmacr01,2008,0,ALS200807150,WAS,NL,1,
harenda01,2008,0,ALS200807150,ARI,NL,1,
hartco01,2008,0,ALS200807150,MIL,NL,1,
lidgebr01,2008,0,ALS200807150,PHI,NL,1,
linceti01,2008,0,ALS200807150,SFN,NL,0,
ludwiry01,2008,0,ALS200807150,SLN,NL,1,
marmoca01,2008,0,ALS200807150,CHN,NL,1,
martiru01,2008,0,ALS200807150,LAN,NL,1,
mccanbr01,2008,0,ALS200807150,ATL,NL,1,
mclouna01,2008,0,ALS200807150,PIT,NL,1,
ramirar01,2008,0,ALS200807150,CHN,NL,1,
soriaal01,2008,0,ALS200807150,CHN,NL,0,
tejadmi01,2008,0,ALS200807150,HOU,NL,1,
ugglada01,2008,0,ALS200807150,FLO,NL,1,
volqued01,2008,0,ALS200807150,CIN,NL,1,
wagnebi02,2008,0,ALS200807150,NYN,NL,1,
webbbr01,2008,0,ALS200807150,ARI,NL,1,
wilsobr01,2008,0,ALS200807150,SFN,NL,1,
woodke02,2008,0,ALS200807150,CHN,NL,0,
wrighda03,2008,0,ALS200807150,NYN,NL,1,
zambrca01,2008,0,ALS200807150,CHN,NL,1,
hallaro01,2009,0,NLS200907140,TOR,AL,1,1
mauerjo01,2009,0,NLS200907140,MIN,AL,1,2
teixema01,2009,0,NLS200907140,NYA,AL,1,3
hillaa01,2009,0,NLS200907140,TOR,AL,1,4
youngmi02,2009,0,NLS200907140,TEX,AL,1,5
jeterde01,2009,0,NLS200907140,NYA,AL,1,6
bayja01,2009,0,NLS200907140,BOS,AL,1,7
hamiljo03,2009,0,NLS200907140,TEX,AL,1,8
suzukic01,2009,0,NLS200907140,SEA,AL,1,9
bartlja01,2009,0,NLS200907140,TBA,AL,1,
beckejo02,2009,0,NLS200907140,BOS,AL,0,
buehrma01,2009,0,NLS200907140,CHA,AL,1,
crawfca02,2009,0,NLS200907140,TBA,AL,1,
cruzne02,2009,0,NLS200907140,TEX,AL,0,
fuentbr01,2009,0,NLS200907140,LAA,AL,0,
grandcu01,2009,0,NLS200907140,DET,AL,1,
greinza01,2009,0,NLS200907140,KCA,AL,1,
hernafe02,2009,0,NLS200907140,SEA,AL,1,
hunteto01,2009,0,NLS200907140,LAA,AL,0,
ingebr01,2009,0,NLS200907140,DET,AL,1,
jacksed01,2009,0,NLS200907140,DET,AL,1,
jonesad01,2009,0,NLS200907140,BAL,AL,1,
longoev01,2009,0,NLS200907140,TBA,AL,0,
martivi01,2009,0,NLS200907140,CLE,AL,1,
morneju01,2009,0,NLS200907140,MIN,AL,1,
nathajo01,2009,0,NLS200907140,MIN,AL,1,
papeljo01,2009,0,NLS200907140,BOS,AL,1,
pedrodu01,2009,0,NLS200907140,BOS,AL,0,
penaca01,2009,0,NLS200907140,TBA,AL,0,
riverma01,2009,0,NLS200907140,NYA,AL,1,
verlaju01,2009,0,NLS200907140,DET,AL,0,
wakefti01,2009,0,NLS200907140,BOS,AL,0,
youklke01,2009,0,NLS200907140,BOS,AL,1,
zobribe01,2009,0,NLS200907140,TBA,AL,1,
linceti01,2009,0,NLS200907140,SFN,NL,1,1
molinya01,2009,0,NLS200907140,SLN,NL,1,2
pujolal01,2009,0,NLS200907140,SLN,NL,1,3
utleych01,2009,0,NLS200907140,PHI,NL,1,4
wrighda03,2009,0,NLS200907140,NYN,NL,1,5
ramirha01,2009,0,NLS200907140,FLO,NL,1,6
ibanera01,2009,0,NLS200907140,PHI,NL,1,7
victosh01,2009,0,NLS200907140,PHI,NL,1,8
braunry02,2009,0,NLS200907140,MIL,NL,1,9
bellhe01,2009,0,NLS200907140,SDN,NL,1,
beltrca01,2009,0,NLS200907140,NYN,NL,0,
billich01,2009,0,NLS200907140,LAN,NL,1,
broxtjo01,2009,0,NLS200907140,LAN,NL,0,
cainma01,2009,0,NLS200907140,SFN,NL,0,
cordefr01,2009,0,NLS200907140,CIN,NL,1,
dukeza01,2009,0,NLS200907140,PIT,NL,0,
fieldpr01,2009,0,NLS200907140,MIL,NL,1,
frankry01,2009,0,NLS200907140,SLN,NL,1,
gonzaad01,2009,0,NLS200907140,SDN,NL,1,
harenda01,2009,0,NLS200907140,ARI,NL,1,
hawpebr01,2009,0,NLS200907140,COL,NL,1,
hoffmtr01,2009,0,NLS200907140,MIL,NL,1,
howarry01,2009,0,NLS200907140,PHI,NL,1,
hudsoor01,2009,0,NLS200907140,LAN,NL,1,
johnsjo09,2009,0,NLS200907140,FLO,NL,0,
lillyte01,2009,0,NLS200907140,CHN,NL,0,
marquja01,2009,0,NLS200907140,COL,NL,0,
mccanbr01,2009,0,NLS200907140,ATL,NL,1,
pencehu01,2009,0,NLS200907140,HOU,NL,0,
rodrifr03,2009,0,NLS200907140,NYN,NL,1,
sanchfr01,2009,0,NLS200907140,PIT,NL,0,
santajo01,2009,0,NLS200907140,NYN,NL,0,
tejadmi01,2009,0,NLS200907140,HOU,NL,1,
uptonju01,2009,0,NLS200907140,ARI,NL,1,
werthja01,2009,0,NLS200907140,PHI,NL,1,
zimmery01,2009,0,NLS200907140,WAS,NL,1,
priceda01,2010,0,ALS201007130,TBA,AL,1,1
mauerjo01,2010,0,ALS201007130,MIN,AL,1,2
cabremi01,2010,0,ALS201007130,DET,AL,1,3
canoro01,2010,0,ALS201007130,NYA,AL,1,4
longoev01,2010,0,ALS201007130,TBA,AL,1,5
jeterde01,2010,0,ALS201007130,NYA,AL,1,6
crawfca02,2010,0,ALS201007130,TBA,AL,1,7
hamiljo03,2010,0,ALS201007130,TEX,AL,1,8
suzukic01,2010,0,ALS201007130,SEA,AL,1,9
guerrvl01,2010,0,ALS201007130,TEX,AL,1,10
andruel01,2010,0,ALS201007130,TEX,AL,1,
bailean01,2010,0,ALS201007130,OAK,AL,1,
bautijo02,2010,0,ALS201007130,TOR,AL,1,
beltrad01,2010,0,ALS201007130,BOS,AL,1,
buchhcl01,2010,0,ALS201007130,BOS,AL,0,
buckjo01,2010,0,ALS201007130,TOR,AL,1,
cahiltr01,2010,0,ALS201007130,OAK,AL,0,
carmofa01,2010,0,ALS201007130,CLE,AL,0,
felizne01,2010,0,ALS201007130,TEX,AL,0,
hugheph01,2010,0,ALS201007130,NYA,AL,1,
hunteto01,2010,0,ALS201007130,LAA,AL,1,
kinslia01,2010,0,ALS201007130,TEX,AL,1,
konerpa01,2010,0,ALS201007130,CHA,AL,1,
leecl02,2010,0,ALS201007130,TEX,AL,1,
lestejo01,2010,0,ALS201007130,BOS,AL,1,
martivi01,2010,0,ALS201007130,BOS,AL,0,
morneju01,2010,0,ALS201007130,MIN,AL,0,
ortizda01,2010,0,ALS201007130,BOS,AL,1,
pedrodu01,2010,0,ALS201007130,BOS,AL,0,
pettian01,2010,0,ALS201007130,NYA,AL,1,
riverma01,2010,0,ALS201007130,NYA,AL,0,
rodrial01,2010,0,ALS201007130,NYA,AL,0,
sabatcc01,2010,0,ALS201007130,NYA,AL,0,
soriajo01,2010,0,ALS201007130,KCA,AL,0,
soriara01,2010,0,ALS201007130,TBA,AL,1,
swishni01,2010,0,ALS201007130,NYA,AL,1,
thornma01,2010,0,ALS201007130,CHA,AL,1,
valvejo01,2010,0,ALS201007130,DET,AL,1,
verlaju01,2010,0,ALS201007130,DET,AL,1,
weaveje02,2010,0,ALS201007130,LAA,AL,0,
wellsve01,2010,0,ALS201007130,TOR,AL,1,
wiggity01,2010,0,ALS201007130,BAL,AL,1,
jimenub01,2010,0,ALS201007130,COL,NL,1,1
molinya01,2010,0,ALS201007130,SLN,NL,1,2
pujolal01,2010,0,ALS201007130,SLN,NL,1,3
pradoma01,2010,0,ALS201007130,ATL,NL,1,4
wrighda03,2010,0,ALS201007130,NYN,NL,1,5
ramirha01,2010,0,ALS201007130,FLO,NL,1,6
braunry02,2010,0,ALS201007130,MIL,NL,1,7
ethiean01,2010,0,ALS201007130,LAN,NL,1,8
hartco01,2010,0,ALS201007130,MIL,NL,1,9
howarry01,2010,0,ALS201007130,PHI,NL,1,10
bellhe01,2010,0,ALS201007130,SDN,NL,1,
bournmi01,2010,0,ALS201007130,HOU,NL,1,
broxtjo01,2010,0,ALS201007130,LAN,NL,1,
byrdma01,2010,0,ALS201007130,CHN,NL,1,
cappsma01,2010,0,ALS201007130,WAS,NL,1,
carpech01,2010,0,ALS201007130,SLN,NL,0,
furcara01,2010,0,ALS201007130,LAN,NL,1,
gallayo01,2010,0,ALS201007130,MIL,NL,0,
gonzaad01,2010,0,ALS201007130,SDN,NL,1,
hallaro01,2010,0,ALS201007130,PHI,NL,1,
heywaja01,2010,0,ALS201007130,ATL,NL,0,
hollima01,2010,0,ALS201007130,SLN,NL,1,
hudsoti01,2010,0,ALS201007130,ATL,NL,0,
infanom01,2010,0,ALS201007130,ATL,NL,0,
johnsjo09,2010,0,ALS201007130,FLO,NL,1,
kuoho01,2010,0,ALS201007130,LAN,NL,1,
linceti01,2010,0,ALS201007130,SFN,NL,0,
mccanbr01,2010,0,ALS201007130,ATL,NL,1,
meekev01,2010,0,ALS201007130,PIT,NL,0,
phillbr01,2010,0,ALS201007130,CIN,NL,1,
reyesjo01,2010,0,ALS201007130,NYN,NL,0,
rhodear01,2010,0,ALS201007130,CIN,NL,0,
rolensc01,2010,0,ALS201007130,CIN,NL,1,
tulowtr01,2010,0,ALS201007130,COL,NL,0,
utleych01,2010,0,ALS201007130,PHI,NL,0,
vottojo01,2010,0,ALS201007130,CIN,NL,1,
wainwad01,2010,0,ALS201007130,SLN,NL,1,
wilsobr01,2010,0,ALS201007130,SFN,NL,1,
youngch04,2010,0,ALS201007130,ARI,NL,1,
weaveje02,2011,0,NLS201107120,LAA,AL,1,1
avilaal01,2011,0,NLS201107120,DET,AL,1,2
gonzaad01,2011,0,NLS201107120,BOS,AL,1,3
canoro01,2011,0,NLS201107120,NYA,AL,1,4
beltrad01,2011,0,NLS201107120,TEX,AL,1,5
cabreas01,2011,0,NLS201107120,CLE,AL,1,6
hamiljo03,2011,0,NLS201107120,TEX,AL,1,7
grandcu01,2011,0,NLS201107120,NYA,AL,1,8
bautijo02,2011,0,NLS201107120,TOR,AL,1,9
ortizda01,2011,0,NLS201107120,BOS,AL,1,10
beckejo02,2011,0,NLS201107120,BOS,AL,0,
cabremi01,2011,0,NLS201107120,DET,AL,1,
crowaa01,2011,0,NLS201107120,KCA,AL,0,
cuddymi01,2011,0,NLS201107120,MIN,AL,1,
ellsbja01,2011,0,NLS201107120,BOS,AL,1,
gonzagi01,2011,0,NLS201107120,OAK,AL,1,
hernafe02,2011,0,NLS201107120,SEA,AL,0,
jeterde01,2011,0,NLS201107120,NYA,AL,0,
joycema01,2011,0,NLS201107120,TBA,AL,1,
kendrho01,2011,0,NLS201107120,LAA,AL,1,
konerpa01,2011,0,NLS201107120,CHA,AL,1,
leagubr01,2011,0,NLS201107120,SEA,AL,1,
lestejo01,2011,0,NLS201107120,BOS,AL,0,
martiru01,2011,0,NLS201107120,NYA,AL,0,
ogandal01,2011,0,NLS201107120,TEX,AL,1,
peraljh01,2011,0,NLS201107120,DET,AL,1,
perezch01,2011,0,NLS201107120,CLE,AL,1,
pinedmi01,2011,0,NLS201107120,SEA,AL,1,
priceda01,2011,0,NLS201107120,TBA,AL,0,
quentca01,2011,0,NLS201107120,CHA,AL,1,
riverma01,2011,0,NLS201107120,NYA,AL,0,
roberda08,2011,0,NLS201107120,NYA,AL,1,
rodrial01,2011,0,NLS201107120,NYA,AL,0,
romerri01,2011,0,NLS201107120,TOR,AL,0,
sabatcc01,2011,0,NLS201107120,NYA,AL,0,
shielja02,2011,0,NLS201107120,TBA,AL,0,
valvejo01,2011,0,NLS201107120,DET,AL,0,
verlaju01,2011,0,NLS201107120,DET,AL,0,
waldejo01,2011,0,NLS201107120,LAA,AL,1,
wietema01,2011,0,NLS201107120,BAL,AL,1,
wilsocj01,2011,0,NLS201107120,TEX,AL,1,
youklke01,2011,0,NLS201107120,BOS,AL,1,
youngmi02,2011,0,NLS201107120,TEX,AL,1,
hallaro01,2011,0,NLS201107120,PHI,NL,1,1
mccanbr01,2011,0,NLS201107120,ATL,NL,1,2
fieldpr01,2011,0,NLS201107120,MIL,NL,1,3
weeksri01,2011,0,NLS201107120,MIL,NL,1,4
rolensc01,2011,0,NLS201107120,CIN,NL,1,5
tulowtr01,2011,0,NLS201107120,COL,NL,1,6
hollima01,2011,0,NLS201107120,SLN,NL,1,7
kempma01,2011,0,NLS201107120,LAN,NL,1,8
berkmla01,2011,0,NLS201107120,SLN,NL,1,9
beltrca01,2011,0,NLS201107120,NYN,NL,1,10
bellhe01,2011,0,NLS201107120,SDN,NL,1,
bruceja01,2011,0,NLS201107120,CIN,NL,1,
cainma01,2011,0,NLS201107120,SFN,NL,0,
castrst01,2011,0,NLS201107120,CHN,NL,1,
clippty01,2011,0,NLS201107120,WAS,NL,1,
correke01,2011,0,NLS201107120,PIT,NL,0,
ethiean01,2011,0,NLS201107120,LAN,NL,1,
hamelco01,2011,0,NLS201107120,PHI,NL,0,
hanrajo01,2011,0,NLS201107120,PIT,NL,1,
jonesch06,2011,0,NLS201107120,ATL,NL,0,
jurrjja01,2011,0,NLS201107120,ATL,NL,1,
kershcl01,2011,0,NLS201107120,LAN,NL,1,
kimbrcr01,2011,0,NLS201107120,ATL,NL,1,
leecl02,2011,0,NLS201107120,PHI,NL,1,
linceti01,2011,0,NLS201107120,SFN,NL,0,
mccutan01,2011,0,NLS201107120,PIT,NL,1,
molinya01,2011,0,NLS201107120,SLN,NL,1,
montemi01,2011,0,NLS201107120,ARI,NL,1,
pencehu01,2011,0,NLS201107120,HOU,NL,1,
phillbr01,2011,0,NLS201107120,CIN,NL,1,
polanpl01,2011,0,NLS201107120,PHI,NL,0,
reyesjo01,2011,0,NLS201107120,NYN,NL,0,
sanchga01,2011,0,NLS201107120,FLO,NL,1,
sandopa01,2011,0,NLS201107120,SFN,NL,1,
uptonju01,2011,0,NLS201107120,ARI,NL,1,
ventejo01,2011,0,NLS201107120,ATL,NL,1,
victosh01,2011,0,NLS201107120,PHI,NL,0,
vogelry01,2011,0,NLS201107120,SFN,NL,0,
vottojo01,2011,0,NLS201107120,CIN,NL,1,
wilsobr01,2011,0,NLS201107120,SFN,NL,1,
verlaju01,2012,0,ALS201207100,DET,AL,1,1
napolmi01,2012,0,ALS201207100,TEX,AL,1,2
fieldpr01,2012,0,ALS201207100,DET,AL,1,3
canoro01,2012,0,ALS201207100,NYA,AL,1,4
beltrad01,2012,0,ALS201207100,TEX,AL,1,5
jeterde01,2012,0,ALS201207100,NYA,AL,1,6
hamiljo03,2012,0,ALS201207100,TEX,AL,1,7
grandcu01,2012,0,ALS201207100,NYA,AL,1,8
bautijo02,2012,0,ALS201207100,TOR,AL,1,9
ortizda01,2012,0,ALS201207100,BOS,AL,1,10
andruel01,2012,0,ALS201207100,TEX,AL,1,
butlebi03,2012,0,ALS201207100,KCA,AL,1,
cabreas01,2012,0,ALS201207100,CLE,AL,1,
cabremi01,2012,0,ALS201207100,DET,AL,1,
cookry01,2012,0,ALS201207100,OAK,AL,1,
darviyu01,2012,0,ALS201207100,TEX,AL,0,
dunnad01,2012,0,ALS201207100,CHA,AL,0,
freesda01,2012,0,ALS201207100,SLN,AL,1,
harrima01,2012,0,ALS201207100,TEX,AL,1,
hernafe02,2012,0,ALS201207100,SEA,AL,0,
johnsji04,2012,0,ALS201207100,BAL,AL,1,
jonesad01,2012,0,ALS201207100,BAL,AL,1,
kinslia01,2012,0,ALS201207100,TEX,AL,1,
konerpa01,2012,0,ALS201207100,CHA,AL,1,
mauerjo01,2012,0,ALS201207100,MIN,AL,1,
nathajo01,2012,0,ALS201207100,TEX,AL,1,
peavyja01,2012,0,ALS201207100,CHA,AL,0,
perezch01,2012,0,ALS201207100,CLE,AL,0,
priceda01,2012,0,ALS201207100,TBA,AL,1,
rodnefe01,2012,0,ALS201207100,TBA,AL,1,
sabatcc01,2012,0,ALS201207100,NYA,AL,0,
salech01,2012,0,ALS201207100,CHA,AL,1,
troutmi01,2012,0,ALS201207100,LAA,AL,1,
trumbma01,2012,0,ALS201207100,LAA,AL,1,
weaveje02,2012,0,ALS201207100,LAA,AL,1,
wietema01,2012,0,ALS201207100,BAL,AL,1,
wilsocj01,2012,0,ALS201207100,LAA,AL,0,
cainma01,2012,0,ALS201207100,SFN,NL,1,1
poseybu01,2012,0,ALS201207100,SFN,NL,1,2
vottojo01,2012,0,ALS201207100,CIN,NL,1,3
ugglada01,2012,0,ALS201207100,ATL,NL,1,4
sandopa01,2012,0,ALS201207100,SFN,NL,1,5
furcara01,2012,0,ALS201207100,SLN,NL,1,6
braunry02,2012,0,ALS201207100,MIL,NL,1,7
cabreme01,2012,0,ALS201207100,SFN,NL,1,8
beltrca01,2012,0,ALS201207100,SLN,NL,1,9
gonzaca01,2012,0,ALS201207100,COL,NL,1,10
altuvjo01,2012,0,ALS201207100,HOU,NL,1,
bournmi01,2012,0,ALS201207100,ATL,NL,1,
bruceja01,2012,0,ALS201207100,CIN,NL,1,
castrst01,2012,0,ALS201207100,CHN,NL,1,
chapmar01,2012,0,ALS201207100,CIN,NL,1,
desmoia01,2012,0,ALS201207100,WAS,NL,0,
dickera01,2012,0,ALS201207100,NYN,NL,1,
freesda01,2012,0,ALS201207100,SLN,NL,1,
gonzagi01,2012,0,ALS201207100,WAS,NL,1,
hamelco01,2012,0,ALS201207100,PHI,NL,1,
hanrajo01,2012,0,ALS201207100,PIT,NL,1,
harpebr03,2012,0,ALS201207100,WAS,NL,1,
hollima01,2012,0,ALS201207100,SLN,NL,1,
jonesch06,2012,0,ALS201207100,ATL,NL,1,
kempma01,2012,0,ALS201207100,LAN,NL,0,
kershcl01,2012,0,ALS201207100,LAN,NL,1,
kimbrcr01,2012,0,ALS201207100,ATL,NL,1,
lahaibr01,2012,0,ALS201207100,CHN,NL,1,
lynnla01,2012,0,ALS201207100,SLN,NL,0,
mccutan01,2012,0,ALS201207100,PIT,NL,1,
mileywa01,2012,0,ALS201207100,ARI,NL,1,
molinya01,2012,0,ALS201207100,SLN,NL,0,
papeljo01,2012,0,ALS201207100,PHI,NL,1,
ruizca01,2012,0,ALS201207100,PHI,NL,1,
stantmi03,2012,0,ALS201207100,MIA,NL,0,
strasst01,2012,0,ALS201207100,WAS,NL,1,
streehu01,2012,0,ALS201207100,SDN,NL,0,
wrighda03,2012,0,ALS201207100,NYN,NL,1,
scherma01,2013,0,NLS201307160,DET,AL,1,1
mauerjo01,2013,0,NLS201307160,MIN,AL,1,2
davisch02,2013,0,NLS201307160,BAL,AL,1,3
canoro01,2013,0,NLS201307160,NYA,AL,1,4
cabremi01,2013,0,NLS201307160,DET,AL,1,5
hardyjj01,2013,0,NLS201307160,BAL,AL,1,6
troutmi01,2013,0,NLS201307160,LAA,AL,1,7
jonesad01,2013,0,NLS201307160,BAL,AL,1,8
bautijo02,2013,0,NLS201307160,TOR,AL,1,9
ortizda01,2013,0,NLS201307160,BOS,AL,1,10
balfogr01,2013,0,NLS201307160,OAK,AL,1,
buchhcl01,2013,0,NLS201307160,BOS,AL,0,
castrja01,2013,0,NLS201307160,HOU,AL,0,
cecilbr01,2013,0,NLS201307160,TOR,AL,1,
colonba01,2013,0,NLS201307160,OAK,AL,0,
crainje01,2013,0,NLS201307160,CHA,AL,0,
cruzne02,2013,0,NLS201307160,TEX,AL,1,
darviyu01,2013,0,NLS201307160,TEX,AL,0,
delabst01,2013,0,NLS201307160,TOR,AL,1,
encared01,2013,0,NLS201307160,TOR,AL,1,
fieldpr01,2013,0,NLS201307160,DET,AL,1,
gordoal01,2013,0,NLS201307160,KCA,AL,1,
hernafe02,2013,0,NLS201307160,SEA,AL,1,
hollagr01,2013,0,NLS201307160,KCA,AL,1,
hunteto01,2013,0,NLS201307160,DET,AL,1,
iwakuhi01,2013,0,NLS201307160,SEA,AL,0,
kipnija01,2013,0,NLS201307160,CLE,AL,1,
machama01,2013,0,NLS201307160,BAL,AL,1,
masteju01,2013,0,NLS201307160,CLE,AL,0,
moorema02,2013,0,NLS201307160,TBA,AL,1,
nathajo01,2013,0,NLS201307160,TEX,AL,1,
pedrodu01,2013,0,NLS201307160,BOS,AL,1,
peraljh01,2013,0,NLS201307160,DET,AL,1,
perezsa02,2013,0,NLS201307160,KCA,AL,1,
perkigl01,2013,0,NLS201307160,MIN,AL,0,
riverma01,2013,0,NLS201307160,NYA,AL,1,
salech01,2013,0,NLS201307160,CHA,AL,1,
tillmch01,2013,0,NLS201307160,BAL,AL,0,
verlaju01,2013,0,NLS201307160,DET,AL,0,
zobribe01,2013,0,NLS201307160,TBA,AL,0,
harvema01,2013,0,NLS201307160,NYN,NL,1,1
molinya01,2013,0,NLS201307160,SLN,NL,1,2
vottojo01,2013,0,NLS201307160,CIN,NL,1,3
phillbr01,2013,0,NLS201307160,CIN,NL,1,4
wrighda03,2013,0,NLS201307160,NYN,NL,1,5
tulowtr01,2013,0,NLS201307160,COL,NL,1,6
gonzaca01,2013,0,NLS201307160,COL,NL,1,7
harpebr03,2013,0,NLS201307160,WAS,NL,1,8
beltrca01,2013,0,NLS201307160,SLN,NL,1,9
cuddymi01,2013,0,NLS201307160,COL,NL,1,10
alvarpe01,2013,0,NLS201307160,PIT,NL,1,
browndo01,2013,0,NLS201307160,PHI,NL,1,
bumgama01,2013,0,NLS201307160,SFN,NL,0,
cabreev01,2013,0,NLS201307160,SDN,NL,0,
carpema01,2013,0,NLS201307160,SLN,NL,1,
chapmar01,2013,0,NLS201307160,CIN,NL,1,
corbipa01,2013,0,NLS201307160,ARI,NL,1,
craigal01,2013,0,NLS201307160,SLN,NL,1,
fernajo02,2013,0,NLS201307160,MIA,NL,1,
freemfr01,2013,0,NLS201307160,ATL,NL,0,
goldspa01,2013,0,NLS201307160,ARI,NL,1,
gomezca01,2013,0,NLS201307160,MIL,NL,1,
grillja01,2013,0,NLS201307160,PIT,NL,1,
kershcl01,2013,0,NLS201307160,LAN,NL,1,
kimbrcr01,2013,0,NLS201307160,ATL,NL,1,
leecl02,2013,0,NLS201307160,PHI,NL,1,
lockeje01,2013,0,NLS201307160,PIT,NL,0,
mccanbr01,2013,0,NLS201307160,ATL,NL,0,
mccutan01,2013,0,NLS201307160,PIT,NL,1,
melanma01,2013,0,NLS201307160,PIT,NL,0,
poseybu01,2013,0,NLS201307160,SFN,NL,1,
romose01,2013,0,NLS201307160,SFN,NL,0,
scutama01,2013,0,NLS201307160,SFN,NL,0,
segurje01,2013,0,NLS201307160,MIL,NL,1,
wainwad01,2013,0,NLS201307160,SLN,NL,0,
woodtr01,2013,0,NLS201307160,CHN,NL,0,
zimmejo02,2013,0,NLS201307160,WAS,NL,0,
hernafe02,2014,0,ALS201407150,SEA,AL,1,1
perezsa02,2014,0,ALS201407150,KCA,AL,1,2
cabremi01,2014,0,ALS201407150,DET,AL,1,3
canoro01,2014,0,ALS201407150,SEA,AL,1,4
donaljo02,2014,0,ALS201407150,OAK,AL,1,5
jeterde01,2014,0,ALS201407150,NYA,AL,1,6
troutmi01,2014,0,ALS201407150,LAA,AL,1,7
jonesad01,2014,0,ALS201407150,BAL,AL,1,8
bautijo02,2014,0,ALS201407150,TOR,AL,1,9
cruzne02,2014,0,ALS201407150,BAL,AL,1,10
abreujo02,2014,0,ALS201407150,CHA,AL,1,
altuvjo01,2014,0,ALS201407150,HOU,AL,1,
aybarer01,2014,0,ALS201407150,LAA,AL,1,
beltrad01,2014,0,ALS201407150,TEX,AL,1,
betande01,2014,0,ALS201407150,NYA,AL,0,
brantmi02,2014,0,ALS201407150,CLE,AL,1,
buehrma01,2014,0,ALS201407150,TOR,AL,0,
cespeyo01,2014,0,ALS201407150,OAK,AL,1,
darviyu01,2014,0,ALS201407150,TEX,AL,1,
doolise01,2014,0,ALS201407150,OAK,AL,1,
encared01,2014,0,ALS201407150,TOR,AL,0,
gordoal01,2014,0,ALS201407150,KCA,AL,0,
hollagr01,2014,0,ALS201407150,KCA,AL,1,
kazmisc01,2014,0,ALS201407150,OAK,AL,1,
kinslia01,2014,0,ALS201407150,DET,AL,1,
lestejo01,2014,0,ALS201407150,BOS,AL,1,
martivi01,2014,0,ALS201407150,DET,AL,0,
mossbr01,2014,0,ALS201407150,OAK,AL,1,
norride01,2014,0,ALS201407150,OAK,AL,1,
perkigl01,2014,0,ALS201407150,MIN,AL,1,
priceda01,2014,0,ALS201407150,TBA,AL,0,
ramiral03,2014,0,ALS201407150,CHA,AL,1,
rodnefe01,2014,0,ALS201407150,SEA,AL,1,
salech01,2014,0,ALS201407150,CHA,AL,1,
scherma01,2014,0,ALS201407150,DET,AL,1,
seageky01,2014,0,ALS201407150,SEA,AL,1,
suzukku01,2014,0,ALS201407150,MIN,AL,1,
tanakma01,2014,0,ALS201407150,NYA,AL,0,
ueharko01,2014,0,ALS201407150,BOS,AL,1,
wietema01,2014,0,ALS201407150,BAL,AL,0,
wainwad01,2014,0,ALS201407150,SLN,NL,1,1
lucrojo01,2014,0,ALS201407150,MIL,NL,1,2
goldspa01,2014,0,ALS201407150,ARI,NL,1,3
utleych01,2014,0,ALS201407150,PHI,NL,1,4
ramirar01,2014,0,ALS201407150,MIL,NL,1,5
tulowtr01,2014,0,ALS201407150,COL,NL,1,6
gomezca01,2014,0,ALS201407150,MIL,NL,1,7
mccutan01,2014,0,ALS201407150,PIT,NL,1,8
puigya01,2014,0,ALS201407150,LAN,NL,1,9
stantmi03,2014,0,ALS201407150,MIA,NL,1,10
alvarhe01,2014,0,ALS201407150,MIA,NL,0,
blackch02,2014,0,ALS201407150,COL,NL,1,
bumgama01,2014,0,ALS201407150,SFN,NL,0,
carpema01,2014,0,ALS201407150,SLN,NL,0,
castrst01,2014,0,ALS201407150,CHN,NL,1,
chapmar01,2014,0,ALS201407150,CIN,NL,1,
clippty01,2014,0,ALS201407150,WAS,NL,1,
cuetojo01,2014,0,ALS201407150,CIN,NL,0,
frazito01,2014,0,ALS201407150,CIN,NL,1,
freemfr01,2014,0,ALS201407150,ATL,NL,1,
gordode01,2014,0,ALS201407150,LAN,NL,1,
greinza01,2014,0,ALS201407150,LAN,NL,1,
harrijo05,2014,0,ALS201407150,PIT,NL,1,
hudsoti01,2014,0,ALS201407150,SFN,NL,0,
kershcl01,2014,0,ALS201407150,LAN,NL,1,
kimbrcr01,2014,0,ALS201407150,ATL,NL,1,
mesorde01,2014,0,ALS201407150,CIN,NL,1,
molinya01,2014,0,ALS201407150,SLN,NL,0,
montemi01,2014,0,ALS201407150,ARI,NL,1,
murphda08,2014,0,ALS201407150,NYN,NL,1,
neshepa01,2014,0,ALS201407150,SLN,NL,1,
pencehu01,2014,0,ALS201407150,SFN,NL,1,
rizzoan01,2014,0,ALS201407150,CHN,NL,1,
rodrifr03,2014,0,ALS201407150,MIL,NL,1,
rossty01,2014,0,ALS201407150,SDN,NL,0,
samarje01,2014,0,ALS201407150,CHN,NL,0,
simonal01,2014,0,ALS201407150,CIN,NL,1,
streehu01,2014,0,ALS201407150,SDN,NL,0,
teherju01,2014,0,ALS201407150,ATL,NL,0,
watsoto01,2014,0,ALS201407150,PIT,NL,1,
zimmejo02,2014,0,ALS201407150,WAS,NL,0,
keuchda01,2015,0,NLS201507140,HOU,AL,1,1
perezsa02,2015,0,NLS201507140,KCA,AL,1,2
pujolal01,2015,0,NLS201507140,LAA,AL,1,3
altuvjo01,2015,0,NLS201507140,HOU,AL,1,4
donaljo02,2015,0,NLS201507140,TOR,AL,1,5
escobal02,2015,0,NLS201507140,KCA,AL,1,6
jonesad01,2015,0,NLS201507140,BAL,AL,1,7
troutmi01,2015,0,NLS201507140,LAA,AL,1,8
cainlo01,2015,0,NLS201507140,KCA,AL,1,9
cruzne02,2015,0,NLS201507140,SEA,AL,1,10
archech01,2015,0,NLS201507140,TBA,AL,1,
bautijo02,2015,0,NLS201507140,TOR,AL,0,
betande01,2015,0,NLS201507140,NYA,AL,1,
boxbebr01,2015,0,NLS201507140,TBA,AL,0,
brittza01,2015,0,NLS201507140,BAL,AL,1,
cabremi01,2015,0,NLS201507140,DET,AL,0,
daviswa01,2015,0,NLS201507140,KCA,AL,1,
doziebr01,2015,0,NLS201507140,MIN,AL,1,
fieldpr01,2015,0,NLS201507140,TEX,AL,1,
gardnbr01,2015,0,NLS201507140,NYA,AL,1,
gordoal01,2015,0,NLS201507140,KCA,AL,0,
grayso01,2015,0,NLS201507140,OAK,AL,0,
hernafe02,2015,0,NLS201507140,SEA,AL,1,
herreke01,2015,0,NLS201507140,KCA,AL,0,
holtbr01,2015,0,NLS201507140,BOS,AL,1,
iglesjo01,2015,0,NLS201507140,DET,AL,1,
kipnija01,2015,0,NLS201507140,CLE,AL,1,
machama01,2015,0,NLS201507140,BAL,AL,1,
martijd02,2015,0,NLS201507140,DET,AL,1,
martiru01,2015,0,NLS201507140,TOR,AL,1,
moustmi01,2015,0,NLS201507140,KCA,AL,1,
odayda01,2015,0,NLS201507140,BAL,AL,0,
perkigl01,2015,0,NLS201507140,MIN,AL,1,
priceda01,2015,0,NLS201507140,DET,AL,1,
salech01,2015,0,NLS201507140,CHA,AL,0,
santihe01,2015,0,NLS201507140,LAA,AL,0,
teixema01,2015,0,NLS201507140,NYA,AL,1,
vogtst01,2015,0,NLS201507140,OAK,AL,1,
greinza01,2015,0,NLS201507140,LAN,NL,1,1
poseybu01,2015,0,NLS201507140,SFN,NL,1,2
goldspa01,2015,0,NLS201507140,ARI,NL,1,3
lemahdj01,2015,0,NLS201507140,COL,NL,1,4
frazito01,2015,0,NLS201507140,CIN,NL,1,5
peraljh01,2015,0,NLS201507140,SLN,NL,1,6
pederjo01,2015,0,NLS201507140,LAN,NL,1,7
mccutan01,2015,0,NLS201507140,PIT,NL,1,8
harpebr03,2015,0,NLS201507140,WAS,NL,1,9
rizzoan01,2015,0,NLS201507140,CHN,NL,1,10
arenano01,2015,0,NLS201507140,COL,NL,1,
braunry02,2015,0,NLS201507140,MIL,NL,1,
bryankr01,2015,0,NLS201507140,CHN,NL,1,
bumgama01,2015,0,NLS201507140,SFN,NL,1,
burneaj01,2015,0,NLS201507140,PIT,NL,0,
chapmar01,2015,0,NLS201507140,CIN,NL,1,
colege01,2015,0,NLS201507140,PIT,NL,1,
crawfbr01,2015,0,NLS201507140,SFN,NL,1,
degroja01,2015,0,NLS201507140,NYN,NL,1,
gonzaad01,2015,0,NLS201507140,LAN,NL,1,
gordode01,2015,0,NLS201507140,MIA,NL,0,
grandya01,2015,0,NLS201507140,LAN,NL,1,
hollima01,2015,0,NLS201507140,SLN,NL,0,
kershcl01,2015,0,NLS201507140,LAN,NL,1,
martica04,2015,0,NLS201507140,SLN,NL,0,
melanma01,2015,0,NLS201507140,PIT,NL,1,
millesh01,2015,0,NLS201507140,ATL,NL,0,
molinya01,2015,0,NLS201507140,SLN,NL,1,
panikjo01,2015,0,NLS201507140,SFN,NL,1,
papeljo01,2015,0,NLS201507140,PHI,NL,0,
polloaj01,2015,0,NLS201507140,ARI,NL,1,
rodrifr03,2015,0,NLS201507140,MIL,NL,1,
rosentr01,2015,0,NLS201507140,SLN,NL,0,
scherma01,2015,0,NLS201507140,WAS,NL,0,
stantmi03,2015,0,NLS201507140,MIA,NL,0,
tulowtr01,2015,0,NLS201507140,COL,NL,1,
uptonju01,2015,0,NLS201507140,SDN,NL,1,
wachami01,2015,0,NLS201507140,SLN,NL,0,
salech01,2016,0,ALS201607120,CHA,AL,1,1
perezsa02,2016,0,ALS201607120,KCA,AL,1,2
hosmeer01,2016,0,ALS201607120,KCA,AL,1,3
altuvjo01,2016,0,ALS201607120,HOU,AL,1,4
machama01,2016,0,ALS201607120,BAL,AL,1,5
bogaexa01,2016,0,ALS201607120,BOS,AL,1,6
bradlja02,2016,0,ALS201607120,BOS,AL,1,7
troutmi01,2016,0,ALS201607120,LAA,AL,1,8
bettsmo01,2016,0,ALS201607120,BOS,AL,1,9
ortizda01,2016,0,ALS201607120,BOS,AL,1,10
beltrca01,2016,0,ALS201607120,NYA,AL,1,
betande01,2016,0,ALS201607120,NYA,AL,1,
brachbr01,2016,0,ALS201607120,BAL,AL,0,
brittza01,2016,0,ALS201607120,BAL,AL,1,
cabremi01,2016,0,ALS201607120,DET,AL,1,
canoro01,2016,0,ALS201607120,SEA,AL,1,
colomal01,2016,0,ALS201607120,TBA,AL,0,
daviswa01,2016,0,ALS201607120,KCA,AL,0,
desmoia01,2016,0,ALS201607120,TEX,AL,1,
donaljo02,2016,0,ALS201607120,TOR,AL,1,
encared01,2016,0,ALS201607120,TOR,AL,1,
estrama01,2016,0,ALS201607120,TOR,AL,0,
hamelco01,2016,0,ALS201607120,TEX,AL,1,
harriwi02,2016,0,ALS201607120,HOU,AL,1,
herreke01,2016,0,ALS201607120,KCA,AL,1,
kimbrcr01,2016,0,ALS201607120,BOS,AL,0,
klubeco01,2016,0,ALS201607120,CLE,AL,1,
lindofr01,2016,0,ALS201607120,CLE,AL,1,
millean01,2016,0,ALS201607120,NYA,AL,1,
nunezed02,2016,0,ALS201607120,MIN,AL,1,
quintjo01,2016,0,ALS201607120,CHA,AL,1,
salazda01,2016,0,ALS201607120,CLE,AL,0,
sanchaa01,2016,0,ALS201607120,TOR,AL,1,
saundmi01,2016,0,ALS201607120,TOR,AL,1,
trumbma01,2016,0,ALS201607120,BAL,AL,1,
vogtst01,2016,0,ALS201607120,OAK,AL,0,
wietema01,2016,0,ALS201607120,BAL,AL,1,
wrighst01,2016,0,ALS201607120,BOS,AL,0,
cuetojo01,2016,0,ALS201607120,SFN,NL,1,1
poseybu01,2016,0,ALS201607120,SFN,NL,1,2
rizzoan01,2016,0,ALS201607120,CHN,NL,1,3
zobribe01,2016,0,ALS201607120,CHN,NL,1,4
bryankr01,2016,0,ALS201607120,CHN,NL,1,5
russead02,2016,0,ALS201607120,CHN,NL,1,6
gonzaca01,2016,0,ALS201607120,COL,NL,1,7
ozunama01,2016,0,ALS201607120,MIA,NL,1,8
harpebr03,2016,0,ALS201607120,WAS,NL,1,9
myerswi01,2016,0,ALS201607120,SDN,NL,1,10
arenano01,2016,0,ALS201607120,COL,NL,1,
arrieja01,2016,0,ALS201607120,CHN,NL,0,
beltbr01,2016,0,ALS201607120,SFN,NL,1,
bruceja01,2016,0,ALS201607120,CIN,NL,1,
bumgama01,2016,0,ALS201607120,SFN,NL,0,
carpema01,2016,0,ALS201607120,SLN,NL,0,
cespeyo01,2016,0,ALS201607120,NYN,NL,0,
colonba01,2016,0,ALS201607120,NYN,NL,0,
diazal02,2016,0,ALS201607120,SLN,NL,1,
duvalad01,2016,0,ALS201607120,CIN,NL,1,
familje01,2016,0,ALS201607120,NYN,NL,0,
fernajo02,2016,0,ALS201607120,MIA,NL,1,
fowlede01,2016,0,ALS201607120,CHN,NL,0,
goldspa01,2016,0,ALS201607120,ARI,NL,1,
herreod01,2016,0,ALS201607120,PHI,NL,1,
janseke01,2016,0,ALS201607120,LAN,NL,1,
kershcl01,2016,0,ALS201607120,LAN,NL,0,
lestejo01,2016,0,ALS201607120,CHN,NL,1,
lucrojo01,2016,0,ALS201607120,MIL,NL,1,
martest01,2016,0,ALS201607120,PIT,NL,1,
melanma01,2016,0,ALS201607120,PIT,NL,1,
murphda08,2016,0,ALS201607120,WAS,NL,1,
pomerdr01,2016,0,ALS201607120,SDN,NL,1,
ramosaj01,2016,0,ALS201607120,MIA,NL,0,
ramoswi01,2016,0,ALS201607120,WAS,NL,1,
rodnefe01,2016,0,ALS201607120,MIA,NL,1,
scherma01,2016,0,ALS201607120,WAS,NL,1,
seageco01,2016,0,ALS201607120,LAN,NL,1,
strasst01,2016,0,ALS201607120,WAS,NL,0,
syndeno01,2016,0,ALS201607120,NYN,NL,0,
teherju01,2016,0,ALS201607120,ATL,NL,1,